{
"type": "FeatureCollection",
"name": "VEGETASI_1",
"crs": { "type": "name", "properties": { "name": "urn:ogc:def:crs:OGC:1.3:CRS84" } },
"features": [
{ "type": "Feature", "properties": { "id": null }, "geometry": { "type": "MultiPolygon", "coordinates": [ [ [ [ 110.358901716103176, -7.787627629829397 ], [ 110.358899430119791, -7.787623138482934 ], [ 110.358893560517302, -7.787620144561695 ], [ 110.358883543672562, -7.787610124101763 ], [ 110.358877121863785, -7.787597506961502 ], [ 110.358874923702075, -7.787583528194641 ], [ 110.358877164358418, -7.787569556140316 ], [ 110.358881298980961, -7.787561493382486 ], [ 110.358879691018728, -7.787551267870624 ], [ 110.358881931674645, -7.787537295816224 ], [ 110.358888391816848, -7.78752469815622 ], [ 110.358898439081401, -7.787514708037142 ], [ 110.358911089972082, -7.787508303361261 ], [ 110.358925106131835, -7.787506111062712 ], [ 110.358939115561697, -7.787508345738934 ], [ 110.358949970738053, -7.787513882662593 ], [ 110.358954223228693, -7.787511729784001 ], [ 110.358968239388446, -7.787509537484016 ], [ 110.358982248818776, -7.787511772158839 ], [ 110.358994880179424, -7.787518215063014 ], [ 110.359004897025017, -7.787528235520393 ], [ 110.359011318836892, -7.787540852658987 ], [ 110.359013517003063, -7.787554831425516 ], [ 110.359012285988754, -7.78756250767444 ], [ 110.359016665152055, -7.787571111555377 ], [ 110.359018863318482, -7.787585090321886 ], [ 110.359016622666658, -7.787599062377327 ], [ 110.359010162526801, -7.787611660039463 ], [ 110.359000115262177, -7.787621650161167 ], [ 110.358987464369108, -7.787628054839508 ], [ 110.358973448205404, -7.787630247139804 ], [ 110.358972689141297, -7.787630126059839 ], [ 110.358965040804506, -7.787637730895742 ], [ 110.358952389910485, -7.787644135572942 ], [ 110.358938373746142, -7.787646327872022 ], [ 110.358924364311761, -7.787644093195413 ], [ 110.358911732948755, -7.787637650288959 ], [ 110.358901716103176, -7.787627629829397 ] ] ], [ [ [ 110.358788068796841, -7.787206800685379 ], [ 110.35878587063911, -7.787192821918208 ], [ 110.358788111295212, -7.787178849864166 ], [ 110.358794571433748, -7.787166252205163 ], [ 110.358804618691096, -7.787156262087625 ], [ 110.358817269571759, -7.787149857413679 ], [ 110.358831285719688, -7.787147665117261 ], [ 110.358845295137044, -7.787149899795615 ], [ 110.358857926484887, -7.787156342702924 ], [ 110.358867943319069, -7.787166363162747 ], [ 110.358874365122048, -7.787178980302842 ], [ 110.358876563282706, -7.7871929590698 ], [ 110.35887432262939, -7.787206931124532 ], [ 110.358867862492417, -7.78721952878487 ], [ 110.358857815234799, -7.787229518903874 ], [ 110.358845164352161, -7.787235923578865 ], [ 110.358831148201318, -7.787238115875496 ], [ 110.358817138781177, -7.787235881196454 ], [ 110.358804507431785, -7.787229438287811 ], [ 110.358794490597845, -7.787219417826521 ], [ 110.358788068796841, -7.787206800685379 ] ] ], [ [ [ 110.358802942897185, -7.786980113068908 ], [ 110.358796521098967, -7.786967495928032 ], [ 110.358794322941549, -7.786953517160825 ], [ 110.358796563595462, -7.786939545106456 ], [ 110.358803023729493, -7.786926947446864 ], [ 110.358813070980503, -7.786916957328536 ], [ 110.358825721853577, -7.78691055265367 ], [ 110.358839737993421, -7.786908360356297 ], [ 110.358853747403003, -7.786910595033754 ], [ 110.358866378744125, -7.786917037940312 ], [ 110.358876395573304, -7.786927058399598 ], [ 110.358882817373498, -7.786939675539434 ], [ 110.358885015533858, -7.786953654306423 ], [ 110.358882774882716, -7.786967626361481 ], [ 110.358876314750233, -7.786980224022409 ], [ 110.358866267498982, -7.786990214142208 ], [ 110.358853616623918, -7.786996618818113 ], [ 110.358839600481147, -7.786998811115702 ], [ 110.358825591068779, -7.786996576437556 ], [ 110.358812959726109, -7.786990133529663 ], [ 110.358802942897185, -7.786980113068908 ] ] ], [ [ [ 110.358833305363802, -7.786713444724372 ], [ 110.358831107205773, -7.786699465957202 ], [ 110.358833347856446, -7.786685493902263 ], [ 110.358839807984907, -7.786672896241552 ], [ 110.358849855228584, -7.78666290612167 ], [ 110.35886250609326, -7.786656501444969 ], [ 110.358876522224449, -7.786654309145646 ], [ 110.358890531626002, -7.786656543821246 ], [ 110.358903162960473, -7.78666298672621 ], [ 110.358913179785063, -7.786673007184328 ], [ 110.358919601583139, -7.786685624323527 ], [ 110.358921799744095, -7.786699603090486 ], [ 110.358919559096222, -7.786713575146115 ], [ 110.358913098969296, -7.786726172808158 ], [ 110.358903051725392, -7.786736162929511 ], [ 110.358890400858741, -7.786742567607257 ], [ 110.358876384724596, -7.786744759906791 ], [ 110.358862375320271, -7.786742525230504 ], [ 110.358849743984237, -7.786736082324205 ], [ 110.358839727159904, -7.786726061864617 ], [ 110.358833305363802, -7.786713444724372 ] ] ], [ [ [ 110.358923425034277, -7.786106937863926 ], [ 110.358911053154955, -7.786108872986881 ], [ 110.358897043771194, -7.786106638313376 ], [ 110.358884412452795, -7.786100195409426 ], [ 110.358874395641436, -7.786090174951522 ], [ 110.358867973852369, -7.786077557812132 ], [ 110.358865775694781, -7.7860635790449 ], [ 110.358868016339216, -7.786049606988994 ], [ 110.358874476455398, -7.786037009326505 ], [ 110.358884523681922, -7.786027019204203 ], [ 110.358895253455898, -7.786021587095385 ], [ 110.358895021070325, -7.786021130518413 ], [ 110.358892822911955, -7.786007151751236 ], [ 110.358895063555067, -7.785993179695052 ], [ 110.358901523669473, -7.785980582031981 ], [ 110.358911570893952, -7.785970591908851 ], [ 110.358924221736217, -7.785964187228331 ], [ 110.35893519473457, -7.785962470907315 ], [ 110.358933350811043, -7.78595074483532 ], [ 110.358935591452351, -7.785936772778755 ], [ 110.358942051564597, -7.785924175114864 ], [ 110.358945397341429, -7.785920848351993 ], [ 110.35894071566689, -7.785916164972857 ], [ 110.358935943979532, -7.785906789853182 ], [ 110.35892902890258, -7.785905686811358 ], [ 110.358916397589383, -7.785899243908749 ], [ 110.35890638078159, -7.785889223451831 ], [ 110.358899958994087, -7.78587660631298 ], [ 110.358897760835916, -7.785862627545781 ], [ 110.358898641597406, -7.785857135347557 ], [ 110.358890180750862, -7.785852819689841 ], [ 110.358880163944747, -7.785842799232423 ], [ 110.358877862568846, -7.78583827762753 ], [ 110.358870703914008, -7.785845395599191 ], [ 110.358858053074769, -7.785851800278376 ], [ 110.358844036970538, -7.785853992579325 ], [ 110.358830027595673, -7.7858517579043 ], [ 110.358820237339842, -7.785846764147417 ], [ 110.358821973867592, -7.785857807277493 ], [ 110.358819733223186, -7.785871779333241 ], [ 110.358813273108368, -7.785884376995067 ], [ 110.35880322588396, -7.785894367115886 ], [ 110.358790575042349, -7.785900771792839 ], [ 110.358776558936285, -7.785902964091391 ], [ 110.358762549560353, -7.785900729414038 ], [ 110.358749918250254, -7.785894286506689 ], [ 110.358739901446853, -7.785884266046168 ], [ 110.358733479664593, -7.785871648905204 ], [ 110.358731281512036, -7.785857670137591 ], [ 110.358733522159213, -7.785843698082535 ], [ 110.358739982275594, -7.785831100422042 ], [ 110.358750029499731, -7.785821110302692 ], [ 110.358762680339396, -7.785814705626779 ], [ 110.35877669644249, -7.785812513328443 ], [ 110.358790705815665, -7.785814748005105 ], [ 110.358800496070359, -7.785819741762588 ], [ 110.358798759543276, -7.785808698632463 ], [ 110.358801000187853, -7.785794726576817 ], [ 110.358807460301421, -7.785782128915043 ], [ 110.358817507522843, -7.785772138793845 ], [ 110.358817572549114, -7.785772105873313 ], [ 110.358810182918134, -7.785764713545008 ], [ 110.358804977071415, -7.785754485404717 ], [ 110.358796182943493, -7.785758937564847 ], [ 110.358782166842246, -7.785761129863987 ], [ 110.358768157470905, -7.785758895187186 ], [ 110.358755526164771, -7.785752452280301 ], [ 110.358745509364326, -7.785742431820109 ], [ 110.358739087583714, -7.785729814679308 ], [ 110.358736889431313, -7.785715835911674 ], [ 110.358739130077169, -7.785701863856421 ], [ 110.358745590190864, -7.785689266195571 ], [ 110.358755637411235, -7.785679276075734 ], [ 110.358768288246381, -7.78567287139926 ], [ 110.358771160533877, -7.785672422136409 ], [ 110.358769326867019, -7.785660761256283 ], [ 110.358771567511383, -7.785646789200709 ], [ 110.35877802762316, -7.785634191539185 ], [ 110.358788074841414, -7.785624201418388 ], [ 110.358800725674428, -7.785617796740754 ], [ 110.358803871665813, -7.785617304666735 ], [ 110.358803102142858, -7.785612411023729 ], [ 110.358805342785715, -7.785598438967835 ], [ 110.358811802895687, -7.785585841305624 ], [ 110.358818818334655, -7.785578865732782 ], [ 110.358809403095023, -7.785580338399324 ], [ 110.358795393729395, -7.785578103723881 ], [ 110.358782762427978, -7.785571660818157 ], [ 110.358772745630745, -7.785561640358822 ], [ 110.358766323851611, -7.785549023218485 ], [ 110.358764125698741, -7.785535044450877 ], [ 110.358766366342266, -7.785521072395208 ], [ 110.358772826451968, -7.785508474733544 ], [ 110.358782873667082, -7.785498484612575 ], [ 110.358795524496244, -7.785492079934762 ], [ 110.35880954058841, -7.785489887634417 ], [ 110.358810143732427, -7.785489983843711 ], [ 110.358805215748205, -7.78548505405773 ], [ 110.358798793969029, -7.785472436917853 ], [ 110.358796595815264, -7.785458458150312 ], [ 110.358798836457098, -7.7854444860943 ], [ 110.35880438778382, -7.785433660618061 ], [ 110.35879965865783, -7.785432906261015 ], [ 110.358787027360492, -7.785426463355723 ], [ 110.358777010566328, -7.785416442896693 ], [ 110.358774532727921, -7.785411574581907 ], [ 110.358764643654169, -7.785409997145339 ], [ 110.35875201235811, -7.785403554239098 ], [ 110.358747137007839, -7.785398677104105 ], [ 110.358738229393495, -7.785400070370811 ], [ 110.358724220034347, -7.785397835693515 ], [ 110.358711588739354, -7.785391392786146 ], [ 110.358701571947904, -7.785381372325531 ], [ 110.358695150173276, -7.785368755184408 ], [ 110.358692952023247, -7.785354776416582 ], [ 110.358695192667639, -7.785340804361287 ], [ 110.35870165277619, -7.785328206700548 ], [ 110.358711699988206, -7.78531821658097 ], [ 110.358724350812636, -7.785311811904871 ], [ 110.358738366898919, -7.785309619606405 ], [ 110.358752376255282, -7.785311854283009 ], [ 110.358765007548712, -7.785318297189045 ], [ 110.358769729399739, -7.785323020768969 ], [ 110.358768504067754, -7.785315228483442 ], [ 110.358770744709346, -7.785301256427497 ], [ 110.358774298487461, -7.785294326309422 ], [ 110.35876616953351, -7.785293029634812 ], [ 110.358753538240776, -7.785286586728866 ], [ 110.358743521450521, -7.785276566269314 ], [ 110.358737099675935, -7.785263949128789 ], [ 110.35873490152477, -7.785249970361047 ], [ 110.358737142166945, -7.785235998305301 ], [ 110.358743602272426, -7.78522340064363 ], [ 110.358753649480846, -7.785213410522723 ], [ 110.358766300301468, -7.785207005845036 ], [ 110.358780316384113, -7.785204813544873 ], [ 110.358794325737378, -7.785207048219835 ], [ 110.358806957028534, -7.785213491124448 ], [ 110.35881697381906, -7.785223511582531 ], [ 110.358823395595621, -7.785236128722015 ], [ 110.358825593749714, -7.785250107489543 ], [ 110.35882335311031, -7.785264079545978 ], [ 110.358819799333276, -7.785271009664562 ], [ 110.358827928287056, -7.785272306338121 ], [ 110.358840559580699, -7.785278749241916 ], [ 110.358841420775477, -7.785279610751801 ], [ 110.358843279502651, -7.785275986100958 ], [ 110.358853326710246, -7.785265995977622 ], [ 110.358865977531252, -7.785259591296982 ], [ 110.358879993615417, -7.785257398993626 ], [ 110.358894002971212, -7.785259633665477 ], [ 110.358906634265651, -7.785266076567358 ], [ 110.358909969909675, -7.785269413430838 ], [ 110.358916479202804, -7.785262941118882 ], [ 110.358913706635377, -7.785257493740243 ], [ 110.358911508478286, -7.785243514972937 ], [ 110.358913749114649, -7.785229542915778 ], [ 110.358920209214958, -7.785216945250974 ], [ 110.35893025641937, -7.785206955125528 ], [ 110.358942907237548, -7.785200550442335 ], [ 110.358956923319525, -7.785198358136239 ], [ 110.358970932673998, -7.785200592805428 ], [ 110.35898356396811, -7.785207035704984 ], [ 110.35898826948501, -7.785211742941009 ], [ 110.35898927762301, -7.785205456432496 ], [ 110.358995737720747, -7.785192858766314 ], [ 110.359005784922886, -7.785182868638874 ], [ 110.359017940199962, -7.7851767148283 ], [ 110.359012255453706, -7.785165545775311 ], [ 110.35901005729356, -7.785151567008231 ], [ 110.359012297925943, -7.785137594950184 ], [ 110.359018758021804, -7.78512499728347 ], [ 110.359028805221712, -7.785115007155277 ], [ 110.35904145603574, -7.78510860246877 ], [ 110.359055472114392, -7.785106410159115 ], [ 110.359069481466634, -7.785108644824853 ], [ 110.35908211275985, -7.785115087721404 ], [ 110.359092129555279, -7.785125108173377 ], [ 110.359098551339159, -7.785137725309297 ], [ 110.359100749502261, -7.785151704076163 ], [ 110.359100325104166, -7.785154350526588 ], [ 110.359101233853153, -7.785154208385519 ], [ 110.359115243207327, -7.785156443049891 ], [ 110.359127874502718, -7.785162885945234 ], [ 110.359137891300378, -7.785172906396284 ], [ 110.35914431308629, -7.785185523531656 ], [ 110.359146511251041, -7.785199502298397 ], [ 110.359144270622537, -7.785213474357445 ], [ 110.359142544141221, -7.785216841125908 ], [ 110.359143460687619, -7.785216987326253 ], [ 110.359156091985255, -7.785223430220922 ], [ 110.359166108784947, -7.785233450671447 ], [ 110.359172530572508, -7.785246067806504 ], [ 110.359174728738367, -7.785260046573158 ], [ 110.359172488110303, -7.785274018632368 ], [ 110.359166028016205, -7.78528661630152 ], [ 110.359156269226446, -7.78529631965947 ], [ 110.359164652464372, -7.785304705951639 ], [ 110.359171074252814, -7.785317323086758 ], [ 110.359173272418786, -7.7853313018534 ], [ 110.359171031790098, -7.785345273912525 ], [ 110.359164571694691, -7.785357871581521 ], [ 110.359154524491487, -7.785367861712608 ], [ 110.359144019037984, -7.785373180273973 ], [ 110.359146736193694, -7.785372755272811 ], [ 110.359160745555386, -7.785374989936265 ], [ 110.359173376857868, -7.785381432830778 ], [ 110.359183393661439, -7.78539145328116 ], [ 110.359189815451586, -7.785404070416096 ], [ 110.359192013618397, -7.785418049182672 ], [ 110.359189772989623, -7.785432021241849 ], [ 110.359183312893222, -7.785444618911018 ], [ 110.359173265688185, -7.785454609042378 ], [ 110.359160614865019, -7.785461013732033 ], [ 110.3591465987747, -7.785463206044208 ], [ 110.359136693856883, -7.78546162608931 ], [ 110.359138495954383, -7.785465166739288 ], [ 110.359140694119631, -7.785479145505978 ], [ 110.359138460391961, -7.78549307451754 ], [ 110.359138464973299, -7.78549307380095 ], [ 110.359152474338885, -7.785495308464984 ], [ 110.359165105644649, -7.785501751359993 ], [ 110.359175122450637, -7.785511771810731 ], [ 110.359181544242048, -7.785524388945847 ], [ 110.359183742408902, -7.785538367712418 ], [ 110.359181501778892, -7.7855523397714 ], [ 110.359179775296269, -7.785555706539854 ], [ 110.359180691843406, -7.785555852740179 ], [ 110.35919332315143, -7.785562295634509 ], [ 110.359203339959464, -7.785572316084723 ], [ 110.359209761752524, -7.785584933219523 ], [ 110.359211959920458, -7.78559891198601 ], [ 110.359209719290902, -7.785612884045148 ], [ 110.359203259191844, -7.785625481714337 ], [ 110.359193211982586, -7.785635471845774 ], [ 110.35918056115402, -7.785641876535552 ], [ 110.359166545057661, -7.785644068847891 ], [ 110.359157301422883, -7.785642594376446 ], [ 110.359159299481405, -7.785655300600594 ], [ 110.359157058849675, -7.78566927265925 ], [ 110.359150598748116, -7.785681870327409 ], [ 110.359140551536257, -7.78569186045736 ], [ 110.359133983608814, -7.785695185577031 ], [ 110.359136810500729, -7.785694743412171 ], [ 110.359150819872909, -7.785696978076786 ], [ 110.359163451184443, -7.785703420972269 ], [ 110.359173467994793, -7.785713441423337 ], [ 110.35917988978872, -7.785726058558608 ], [ 110.359182087956029, -7.785740037325136 ], [ 110.359179847324356, -7.785754009383886 ], [ 110.359173387221929, -7.785766607052288 ], [ 110.359163340008394, -7.785776597182618 ], [ 110.359150689175038, -7.785783001871084 ], [ 110.359136673073849, -7.785785194182024 ], [ 110.359124860280829, -7.78578330989822 ], [ 110.359128869389977, -7.78578732046468 ], [ 110.359135291183463, -7.785799937600565 ], [ 110.35913748934945, -7.785813916367185 ], [ 110.359135248715702, -7.7858278884255 ], [ 110.359129488366975, -7.785839121518175 ], [ 110.359130890206188, -7.78583983655893 ], [ 110.359140907018684, -7.785849857010905 ], [ 110.359147328813336, -7.78586247414668 ], [ 110.359149526979877, -7.785876452913257 ], [ 110.359147286346044, -7.785890424971596 ], [ 110.359140826240278, -7.785903022639175 ], [ 110.359130779022522, -7.785913012768339 ], [ 110.359118128184491, -7.78591941745542 ], [ 110.359104112078626, -7.785921609764887 ], [ 110.359091676461972, -7.785919626132502 ], [ 110.359091970149777, -7.785920203151829 ], [ 110.359094168314613, -7.785934181918533 ], [ 110.359091927678506, -7.785948153976369 ], [ 110.359085467570111, -7.785960751642862 ], [ 110.359075420349669, -7.785970741770472 ], [ 110.359071935459781, -7.785972506050346 ], [ 110.359073014443723, -7.785974625970115 ], [ 110.359075212608047, -7.785988604736852 ], [ 110.359072971970889, -7.786002576794475 ], [ 110.359066511860988, -7.786015174460535 ], [ 110.359056464638726, -7.786025164587532 ], [ 110.359047788257897, -7.786029557139429 ], [ 110.359059145305565, -7.786035350066631 ], [ 110.359069162120463, -7.786045370520449 ], [ 110.359075583915384, -7.78605798765726 ], [ 110.359077782080021, -7.78607196642397 ], [ 110.359075541442266, -7.786085938481528 ], [ 110.359069081330972, -7.786098536147479 ], [ 110.359059034106608, -7.786108526274337 ], [ 110.359046383261557, -7.786114930958651 ], [ 110.359032367148941, -7.78611712326517 ], [ 110.359018357763944, -7.7861148885956 ], [ 110.359005803757483, -7.786108485131076 ], [ 110.359001650273797, -7.786116584709194 ], [ 110.3589916030475, -7.786126574834279 ], [ 110.358978952201028, -7.78613297951645 ], [ 110.358964936087631, -7.786135171820659 ], [ 110.358950926702576, -7.786132937148847 ], [ 110.358938295382472, -7.786126494246378 ], [ 110.358928278569152, -7.786116473789603 ], [ 110.358923425034277, -7.786106937863926 ] ], [ [ 110.358985702334977, -7.785995985073124 ], [ 110.358985540759264, -7.785994957564776 ], [ 110.358981671377549, -7.78599556278732 ], [ 110.358981848582488, -7.785996689686686 ], [ 110.358982139664562, -7.785996542321948 ], [ 110.358985702334977, -7.785995985073124 ] ], [ [ 110.358839101798367, -7.785568726870824 ], [ 110.358841389278979, -7.785568369078804 ], [ 110.358840428379324, -7.78556740782814 ], [ 110.358839101798367, -7.785568726870824 ] ], [ [ 110.358841873207751, -7.785503752095067 ], [ 110.358841270063706, -7.785503655885813 ], [ 110.358843218461942, -7.785505604996025 ], [ 110.358845680933925, -7.785503156516481 ], [ 110.358841873207751, -7.785503752095067 ] ], [ [ 110.358914732840631, -7.785556908543684 ], [ 110.358914581971959, -7.78555720274825 ], [ 110.358915111349475, -7.785557287190675 ], [ 110.358914732840631, -7.785556908543684 ] ], [ [ 110.359050752039707, -7.785483779184824 ], [ 110.359050298193694, -7.785480893043114 ], [ 110.359049624177615, -7.785481563229934 ], [ 110.359050752039707, -7.785483779184824 ] ] ], [ [ [ 110.358722390541274, -7.78607195974707 ], [ 110.358720192388574, -7.786057980979475 ], [ 110.358722433037741, -7.786044008924726 ], [ 110.358728893157988, -7.786031411264799 ], [ 110.358735800548359, -7.786024543137833 ], [ 110.358733254815817, -7.78601954143322 ], [ 110.358731056662876, -7.78600556266564 ], [ 110.358733297311261, -7.785991590610747 ], [ 110.358739757430257, -7.785978992950533 ], [ 110.358749804658231, -7.785969002831543 ], [ 110.3587624555025, -7.785962598156045 ], [ 110.358776471610582, -7.78596040585813 ], [ 110.358790480988603, -7.785962640535185 ], [ 110.358803112301374, -7.785969083441523 ], [ 110.358813129108256, -7.785979103900793 ], [ 110.358819550894353, -7.785991721040818 ], [ 110.358821749050222, -7.786005699808181 ], [ 110.358819508404636, -7.786019671863766 ], [ 110.358813048287189, -7.786032269525314 ], [ 110.358806140897826, -7.786039137653627 ], [ 110.358808686631363, -7.786044139357879 ], [ 110.358810884787005, -7.786058118125256 ], [ 110.358808644140623, -7.786072090180697 ], [ 110.35880218402194, -7.786084687841957 ], [ 110.358792136792133, -7.786094677962013 ], [ 110.358779485944112, -7.786101082638068 ], [ 110.358765469831297, -7.78610327493569 ], [ 110.358751460448886, -7.786101040257456 ], [ 110.35873882913323, -7.786094597349361 ], [ 110.358728812325737, -7.786084576888308 ], [ 110.358722390541274, -7.78607195974707 ] ] ], [ [ [ 110.358773340376388, -7.785170397384576 ], [ 110.358766918602214, -7.7851577802445 ], [ 110.358764720450324, -7.785143801476805 ], [ 110.35876696109068, -7.785129829420706 ], [ 110.358773421193419, -7.785117231758313 ], [ 110.358783468398443, -7.785107241636388 ], [ 110.35879611921537, -7.785100836957481 ], [ 110.358810135294362, -7.785098644656022 ], [ 110.358824144644387, -7.785100879329736 ], [ 110.358836775933042, -7.785107322233272 ], [ 110.358846792721991, -7.785117342690554 ], [ 110.35885321449814, -7.785129959829586 ], [ 110.358855412652971, -7.785143938597067 ], [ 110.358853172015401, -7.785157910653854 ], [ 110.358846711914211, -7.785170508317582 ], [ 110.358836664708932, -7.785180498440977 ], [ 110.358824013890029, -7.785186903120922 ], [ 110.358809997808095, -7.785189095422601 ], [ 110.358795988455299, -7.785186860748194 ], [ 110.35878335716508, -7.785180417843325 ], [ 110.358773340376388, -7.785170397384576 ] ] ], [ [ [ 110.358754620730934, -7.785069533028985 ], [ 110.358748198958637, -7.785056915888734 ], [ 110.358746000807614, -7.785042937120971 ], [ 110.358748241447785, -7.785028965064912 ], [ 110.358754701549259, -7.785016367402664 ], [ 110.358764748752094, -7.785006377280976 ], [ 110.358777399566122, -7.784999972602376 ], [ 110.358791415641761, -7.784997780301259 ], [ 110.358805424988319, -7.785000014975322 ], [ 110.358818056273762, -7.785006457879177 ], [ 110.358828073060025, -7.785016478336715 ], [ 110.358834494834298, -7.785029095475922 ], [ 110.358836692988262, -7.785043074243469 ], [ 110.358834452350877, -7.785057046300217 ], [ 110.358827992250951, -7.785069643963799 ], [ 110.358817945047846, -7.785079634086957 ], [ 110.358805294231871, -7.785086038766599 ], [ 110.358791278153276, -7.785088231067933 ], [ 110.358777268803934, -7.785085996393176 ], [ 110.358764637516956, -7.785079553487989 ], [ 110.358754620730934, -7.785069533028985 ] ] ], [ [ [ 110.358783571573881, -7.784844541423158 ], [ 110.358781373422204, -7.784830562655429 ], [ 110.358783614059504, -7.784816590598859 ], [ 110.358790074156204, -7.784803992935599 ], [ 110.3588001213528, -7.784794002812492 ], [ 110.358812772159737, -7.784787598132209 ], [ 110.358826788228143, -7.784785405829312 ], [ 110.358840797568035, -7.78478764050167 ], [ 110.358853428847993, -7.784794083404061 ], [ 110.358863445630547, -7.784804103860522 ], [ 110.3588698674032, -7.784816720999144 ], [ 110.358872065557819, -7.784830699766651 ], [ 110.358869824923303, -7.784844671823913 ], [ 110.358863364828153, -7.784857269488508 ], [ 110.358853317631315, -7.784867259613082 ], [ 110.358840666822402, -7.784873664294405 ], [ 110.358826650751055, -7.78487585659752 ], [ 110.358812641408377, -7.784873621924472 ], [ 110.35880001012687, -7.784867179020745 ], [ 110.358789993344573, -7.784857158562818 ], [ 110.358783571573881, -7.784844541423158 ] ] ], [ [ [ 110.35889299167323, -7.784695469483867 ], [ 110.358890793518228, -7.78468149071638 ], [ 110.358893034150768, -7.784667518658773 ], [ 110.358899494241683, -7.784654920993305 ], [ 110.358905700992707, -7.784648749494297 ], [ 110.358905196791071, -7.784647758867158 ], [ 110.358902998635799, -7.784633780099688 ], [ 110.358905239267543, -7.784619808041933 ], [ 110.358911699357265, -7.784607210376163 ], [ 110.358912109596957, -7.784606802466409 ], [ 110.358907295507294, -7.78459734401168 ], [ 110.358905097352078, -7.784583365244204 ], [ 110.358907337983339, -7.784569393186378 ], [ 110.358913798072109, -7.784556795520478 ], [ 110.358923845259653, -7.784546805393607 ], [ 110.358936496057296, -7.784540400708802 ], [ 110.358950512117076, -7.784538208401069 ], [ 110.358964521449863, -7.784540443068752 ], [ 110.358977152724918, -7.784546885967085 ], [ 110.358987169505255, -7.784556906420499 ], [ 110.358987333341176, -7.784557228316057 ], [ 110.358991865045923, -7.784554934061542 ], [ 110.358990753590618, -7.784547865973079 ], [ 110.358992994218795, -7.784533893914535 ], [ 110.358999454304495, -7.784521296247052 ], [ 110.359009501489254, -7.784511306117903 ], [ 110.35902215228468, -7.784504901430343 ], [ 110.359036168343067, -7.784502709119639 ], [ 110.359050177675371, -7.78450494378444 ], [ 110.35906280895091, -7.784511386680249 ], [ 110.359072825732696, -7.784521407131755 ], [ 110.359079247508248, -7.784534024267532 ], [ 110.35908144566919, -7.784548003034584 ], [ 110.359079205043784, -7.784561975093823 ], [ 110.359072744959661, -7.784574572762637 ], [ 110.359063661239418, -7.784583604899684 ], [ 110.359071371451336, -7.784591317935188 ], [ 110.35907779322774, -7.784603935071027 ], [ 110.359079991388811, -7.784617913838067 ], [ 110.359077750762793, -7.784631885897217 ], [ 110.359071290677377, -7.784644483565878 ], [ 110.359068840384722, -7.784646919943775 ], [ 110.35907069000919, -7.784647863390341 ], [ 110.359080706794145, -7.784657883841876 ], [ 110.359087128571687, -7.784670500977639 ], [ 110.35908932673324, -7.784684479744641 ], [ 110.359087086106982, -7.784698451803793 ], [ 110.35908062602067, -7.784711049472496 ], [ 110.359070578832302, -7.78472103960299 ], [ 110.359057928030737, -7.784727444291463 ], [ 110.359043911964847, -7.784729636602263 ], [ 110.359029902625238, -7.784727401936675 ], [ 110.359017271344058, -7.784720959039465 ], [ 110.359007254559373, -7.784710938586461 ], [ 110.359005618902714, -7.784707724942042 ], [ 110.359002684941615, -7.784709210310457 ], [ 110.358988668876194, -7.784711402619458 ], [ 110.358974659537623, -7.784709167952116 ], [ 110.358972775450866, -7.784708206926788 ], [ 110.358962737714009, -7.784718187654427 ], [ 110.358950086911165, -7.784724592339559 ], [ 110.35893607084509, -7.784726784646756 ], [ 110.358922061506433, -7.784724549977662 ], [ 110.358909430227257, -7.784718107077377 ], [ 110.358899413445414, -7.784708086622042 ], [ 110.35889299167323, -7.784695469483867 ] ] ], [ [ [ 110.358940987460613, -7.787067713049751 ], [ 110.35893456565698, -7.787055095910576 ], [ 110.358932367494702, -7.78704111714373 ], [ 110.358934608144807, -7.787027145088354 ], [ 110.358941068276437, -7.787014547426484 ], [ 110.358951115526708, -7.787004557304828 ], [ 110.358963766400777, -7.786998152625909 ], [ 110.358977782543207, -7.786995960324162 ], [ 110.358991791956782, -7.786998194997341 ], [ 110.359004423302849, -7.78700463790015 ], [ 110.359014440137486, -7.787014658356569 ], [ 110.359020861943094, -7.787027275494708 ], [ 110.359023060108314, -7.787041254261334 ], [ 110.35902081946098, -7.7870552263174 ], [ 110.359014359330899, -7.787067823980605 ], [ 110.359004312080387, -7.787077814103728 ], [ 110.358991661204357, -7.787084218783686 ], [ 110.358977645058971, -7.787086411085649 ], [ 110.358963635642638, -7.787084176411781 ], [ 110.358951004294994, -7.787077733507641 ], [ 110.358940987460613, -7.787067713049751 ] ] ], [ [ [ 110.359742801252452, -7.787703519553216 ], [ 110.359736379415708, -7.787690902423819 ], [ 110.359734181224908, -7.78767692365912 ], [ 110.359736421853896, -7.787662951598033 ], [ 110.359742881973872, -7.787650353923165 ], [ 110.359752929223077, -7.78764036378249 ], [ 110.359765580106767, -7.7876339590804 ], [ 110.359779596268623, -7.787631766753584 ], [ 110.359793605709442, -7.787634001402266 ], [ 110.35980623708798, -7.787640444283534 ], [ 110.359816253957078, -7.787650464723489 ], [ 110.359822675795797, -7.787663081851841 ], [ 110.359824873989524, -7.787677060616326 ], [ 110.359822633363322, -7.787691032678101 ], [ 110.359816173244909, -7.787703630354304 ], [ 110.359806125995448, -7.78771362049645 ], [ 110.359793475109782, -7.787720025199581 ], [ 110.359779458944985, -7.787722217526611 ], [ 110.359765449501381, -7.787719982877239 ], [ 110.359752818121294, -7.78771353999464 ], [ 110.359742801252452, -7.787703519553216 ] ] ], [ [ [ 110.35946825890494, -7.787586627149285 ], [ 110.359454249468271, -7.787584392490117 ], [ 110.359441618097591, -7.787577949598919 ], [ 110.359431601239692, -7.787567929150939 ], [ 110.359425179414373, -7.787555312017675 ], [ 110.359422981234374, -7.787541333252167 ], [ 110.359423722849314, -7.787536708726969 ], [ 110.359422808369075, -7.787536242277357 ], [ 110.359412791512568, -7.787526221829031 ], [ 110.359406369688372, -7.787513604695553 ], [ 110.359404171509112, -7.78749962592999 ], [ 110.35940641214745, -7.787485653871348 ], [ 110.359411250014418, -7.787476219713989 ], [ 110.359413185194541, -7.787464152414004 ], [ 110.35941964532023, -7.787451554744481 ], [ 110.359429692571339, -7.78744156461161 ], [ 110.359442343452955, -7.787435159919017 ], [ 110.359448556435709, -7.787434188124468 ], [ 110.359452035852996, -7.787427403030302 ], [ 110.359462083102784, -7.787417412896544 ], [ 110.35947473398322, -7.787411008202882 ], [ 110.359488750138297, -7.787408815885184 ], [ 110.35950275956948, -7.78741105054277 ], [ 110.359515390936451, -7.787417493431866 ], [ 110.359518659714837, -7.787420763381564 ], [ 110.359519206124162, -7.787420486753755 ], [ 110.359533222279438, -7.787418294434593 ], [ 110.359547231711304, -7.787420529090755 ], [ 110.35955986307934, -7.787426971978602 ], [ 110.359569879937453, -7.787436992423593 ], [ 110.35957630176577, -7.78744960955494 ], [ 110.359577658804483, -7.787458239277373 ], [ 110.359583319840894, -7.787463902340147 ], [ 110.359589741669964, -7.787476519471341 ], [ 110.359591939855406, -7.787490498236449 ], [ 110.359589699223079, -7.787504470296567 ], [ 110.359583239101298, -7.787517067968999 ], [ 110.359576998811235, -7.787523272786531 ], [ 110.359578395818971, -7.787532156680363 ], [ 110.359576155185877, -7.787546128740326 ], [ 110.359569695062987, -7.787558726412445 ], [ 110.359559647811892, -7.787568716548618 ], [ 110.359546996927605, -7.787575121244489 ], [ 110.359538344119343, -7.787576474662091 ], [ 110.359532665906329, -7.787582120595536 ], [ 110.359520015021275, -7.78758852529053 ], [ 110.359505998860243, -7.787590717608775 ], [ 110.359491989423134, -7.787588482950822 ], [ 110.359483167378627, -7.787583983086113 ], [ 110.359482275065943, -7.787584434832296 ], [ 110.35946825890494, -7.787586627149285 ] ] ], [ [ [ 110.359721752689765, -7.787557776738105 ], [ 110.359719554499804, -7.787543797973338 ], [ 110.359721795128195, -7.787529825912227 ], [ 110.359728255246225, -7.787517228237368 ], [ 110.359738302492318, -7.787507238096749 ], [ 110.359750953372043, -7.787500833394747 ], [ 110.359764969529451, -7.787498641068052 ], [ 110.359778978965792, -7.787500875716865 ], [ 110.359791610340238, -7.787507318598266 ], [ 110.359801627206068, -7.787517339038343 ], [ 110.359808049042627, -7.787529956166799 ], [ 110.359810247235529, -7.787543934931349 ], [ 110.35980800660991, -7.787557906993148 ], [ 110.359801546493443, -7.787570504669342 ], [ 110.359791499247109, -7.78758049481143 ], [ 110.359778848365394, -7.787586899514471 ], [ 110.359764832205059, -7.787589091841387 ], [ 110.359750822765946, -7.787586857191881 ], [ 110.359738191389923, -7.787580414309148 ], [ 110.359728174524349, -7.7875703938676 ], [ 110.359721752689765, -7.787557776738105 ] ] ], [ [ [ 110.359966617954669, -7.787433109754154 ], [ 110.359964419756793, -7.787419130989968 ], [ 110.359966660376188, -7.787405158926767 ], [ 110.359973120484995, -7.787392561247355 ], [ 110.359983167722547, -7.787382571100162 ], [ 110.359995818595266, -7.787376166390207 ], [ 110.360009834747856, -7.787373974054964 ], [ 110.360023844182066, -7.787376208695465 ], [ 110.360036475557266, -7.787382651569611 ], [ 110.360046492426676, -7.787392672004194 ], [ 110.360052914269261, -7.787405289129451 ], [ 110.360055112470079, -7.787419267893418 ], [ 110.360052871853483, -7.78743323995731 ], [ 110.360046411746239, -7.787445837638056 ], [ 110.360036364508431, -7.78745582778672 ], [ 110.360023713633751, -7.787462232497712 ], [ 110.360009697478219, -7.787464424833177 ], [ 110.359995688041209, -7.787462190191984 ], [ 110.359983056664447, -7.787455747316506 ], [ 110.359973039795307, -7.787445726880455 ], [ 110.359966617954669, -7.787433109754154 ] ] ], [ [ [ 110.35932278408518, -7.787319708037968 ], [ 110.359316362266441, -7.78730709090348 ], [ 110.359314164090705, -7.787293112137644 ], [ 110.359316404730336, -7.787279140079496 ], [ 110.359322864855528, -7.78726654241134 ], [ 110.35933291210398, -7.78725655228051 ], [ 110.359345562981034, -7.787250147590417 ], [ 110.359350250266388, -7.787249414436183 ], [ 110.359351511825366, -7.787241547670341 ], [ 110.359357971948867, -7.787228950001495 ], [ 110.359368019195585, -7.787218959869669 ], [ 110.359380670071033, -7.787212555178388 ], [ 110.359394686219645, -7.787210362863282 ], [ 110.35940869564358, -7.787212597523423 ], [ 110.359421327003204, -7.78721904041478 ], [ 110.359431343853217, -7.787229060862472 ], [ 110.359437765674571, -7.787241677995447 ], [ 110.359439963854314, -7.787255656760983 ], [ 110.359437723218903, -7.787269628820146 ], [ 110.359431263096937, -7.787282226490325 ], [ 110.359421215849977, -7.787292216623615 ], [ 110.359408564972554, -7.787298621315943 ], [ 110.359403877686702, -7.787299354470786 ], [ 110.359402616128449, -7.787307221236827 ], [ 110.35939615600482, -7.787319818906318 ], [ 110.359386108756112, -7.787329809038622 ], [ 110.359373457877069, -7.78733621372975 ], [ 110.359359441724166, -7.787338406043793 ], [ 110.359345432296493, -7.78733617138172 ], [ 110.35933280093488, -7.787329728487946 ], [ 110.35932278408518, -7.787319708037968 ] ] ], [ [ [ 110.359582000110166, -7.787263124372863 ], [ 110.359579801925619, -7.787249145607678 ], [ 110.359582042556227, -7.787235173547363 ], [ 110.35958850267302, -7.787222575874433 ], [ 110.359598549914566, -7.787212585736689 ], [ 110.359611200786873, -7.787206181038221 ], [ 110.359625216934703, -7.78720398871538 ], [ 110.359639226360272, -7.787206223367987 ], [ 110.359651857723776, -7.78721266625275 ], [ 110.359661874579587, -7.787222686695426 ], [ 110.359668296408032, -7.787235303825469 ], [ 110.359670494595505, -7.787249282590435 ], [ 110.359668253967669, -7.787263254651438 ], [ 110.359661793852439, -7.7872758523257 ], [ 110.359651746610638, -7.78728584246492 ], [ 110.35963909573637, -7.787292247164426 ], [ 110.359625079585612, -7.787294439487483 ], [ 110.359611070157257, -7.787292204834188 ], [ 110.359598438792176, -7.787285761948092 ], [ 110.359588421936621, -7.787275741503943 ], [ 110.359582000110166, -7.787263124372863 ] ] ], [ [ [ 110.359759678286565, -7.787242388131734 ], [ 110.359753256455178, -7.787229771002854 ], [ 110.35975105826499, -7.78721579223809 ], [ 110.359753298889714, -7.787201820176369 ], [ 110.359759759001008, -7.787189222500355 ], [ 110.359769806237978, -7.787179232358139 ], [ 110.359782457107045, -7.787172827654263 ], [ 110.359796473253326, -7.787170635325589 ], [ 110.35981048267918, -7.787172869972526 ], [ 110.359823114044758, -7.787179312852325 ], [ 110.359833130904249, -7.78718933329124 ], [ 110.359839552737597, -7.787201950419081 ], [ 110.359841750930727, -7.78721592918363 ], [ 110.359839510308788, -7.787229901246035 ], [ 110.359833050199029, -7.787242498923387 ], [ 110.359823002961832, -7.787252489067071 ], [ 110.359810352090776, -7.787258893771989 ], [ 110.359796335941553, -7.787261086100878 ], [ 110.359782326512942, -7.787258851453256 ], [ 110.359769695145786, -7.787252408572121 ], [ 110.359759678286565, -7.787242388131734 ] ] ], [ [ [ 110.3594176270676, -7.787202374421742 ], [ 110.359415428888752, -7.787188395656139 ], [ 110.359417669524234, -7.787174423597067 ], [ 110.359424129644651, -7.787161825926931 ], [ 110.359434176888215, -7.787151835793251 ], [ 110.359446827760706, -7.787145431099725 ], [ 110.359452898136894, -7.787144481609684 ], [ 110.359454124674315, -7.787136833214569 ], [ 110.359460584793027, -7.787124235543717 ], [ 110.359470632034814, -7.787114245409013 ], [ 110.359483282905686, -7.787107840714254 ], [ 110.359497299050517, -7.787105648395419 ], [ 110.359511308471838, -7.787107883051941 ], [ 110.359523939830254, -7.787114325940145 ], [ 110.359533956680636, -7.78712434638546 ], [ 110.359540378503837, -7.787136963517061 ], [ 110.359542576686763, -7.787150942282365 ], [ 110.359540336055559, -7.78716491434246 ], [ 110.359533875938396, -7.787177512014646 ], [ 110.359523828696368, -7.787187502150819 ], [ 110.359511177823521, -7.787193906846618 ], [ 110.359505107446694, -7.787194856337443 ], [ 110.359503880909926, -7.78720250473275 ], [ 110.359497420791044, -7.78721510240422 ], [ 110.359487373547253, -7.78722509253937 ], [ 110.359474722672772, -7.787231497233933 ], [ 110.359460706523635, -7.787233689551663 ], [ 110.359446697098591, -7.787231454893162 ], [ 110.359434065738185, -7.787225012002505 ], [ 110.359424048888172, -7.787214991554875 ], [ 110.3594176270676, -7.787202374421742 ] ] ], [ [ [ 110.35935810563798, -7.787140945479268 ], [ 110.359351683820407, -7.787128328345343 ], [ 110.359349485643946, -7.787114349579557 ], [ 110.359351726280991, -7.787100377520932 ], [ 110.359358186401991, -7.787087779851825 ], [ 110.359368233645057, -7.787077789719653 ], [ 110.359380884516099, -7.78707138502798 ], [ 110.359394900659979, -7.78706919271247 ], [ 110.359408910079267, -7.787071427372235 ], [ 110.359421541434841, -7.787077870263287 ], [ 110.359431558281784, -7.787087890710769 ], [ 110.359437980101333, -7.78710050784365 ], [ 110.359440178280735, -7.78711448660922 ], [ 110.359437937646462, -7.787128458668535 ], [ 110.359431477527025, -7.787141056338976 ], [ 110.359421430283689, -7.787151046472614 ], [ 110.359408779410685, -7.787157451165331 ], [ 110.359394763263879, -7.787159643481057 ], [ 110.359380753841805, -7.787157408820602 ], [ 110.359368122484682, -7.787150965928213 ], [ 110.35935810563798, -7.787140945479268 ] ] ], [ [ [ 110.359933446662424, -7.78708349465735 ], [ 110.359931248466552, -7.787069515892999 ], [ 110.359933489084213, -7.787055543829685 ], [ 110.359939949187762, -7.787042946150222 ], [ 110.359949996417029, -7.787032956003033 ], [ 110.359962647279232, -7.787026551293157 ], [ 110.359976663420142, -7.787024358958043 ], [ 110.359990672842628, -7.787026593598719 ], [ 110.360003304207211, -7.787033036473062 ], [ 110.360013321068138, -7.787043056907857 ], [ 110.360019742905223, -7.78705567403331 ], [ 110.360021941104037, -7.787069652797441 ], [ 110.360019700489161, -7.787083624861449 ], [ 110.360013240387175, -7.787096222542249 ], [ 110.360003193157667, -7.7871062126909 ], [ 110.359990542293474, -7.787112617401823 ], [ 110.359976526149637, -7.787114809737152 ], [ 110.359962516724352, -7.787112575095787 ], [ 110.359949885358219, -7.787106132220107 ], [ 110.359939868497548, -7.787096111783846 ], [ 110.359933446662424, -7.78708349465735 ] ] ], [ [ [ 110.359562083232817, -7.787062766655463 ], [ 110.35955988504945, -7.787048787890184 ], [ 110.359562125679091, -7.78703481582981 ], [ 110.3595685857929, -7.787022218156866 ], [ 110.359578633029713, -7.787012228019148 ], [ 110.359591283896009, -7.787005823320754 ], [ 110.359605300037146, -7.787003630998012 ], [ 110.359619309455979, -7.78700586565075 ], [ 110.359631940813387, -7.787012308535653 ], [ 110.359641957664323, -7.787022328978472 ], [ 110.35964837948957, -7.787034946108633 ], [ 110.359650577675879, -7.787048924873695 ], [ 110.359648337049009, -7.787062896934764 ], [ 110.359641876936777, -7.787075494609041 ], [ 110.359631829699708, -7.787085484748226 ], [ 110.359619178831437, -7.787091889447666 ], [ 110.359605162687359, -7.787094081770618 ], [ 110.35959115326574, -7.787091847117196 ], [ 110.359578521906769, -7.787085404230956 ], [ 110.359568505056089, -7.787075383786666 ], [ 110.359562083232817, -7.787062766655463 ] ] ], [ [ [ 110.359828807592294, -7.786993763564911 ], [ 110.359822385761944, -7.786981146437068 ], [ 110.359820187570051, -7.786967167672418 ], [ 110.359822428190526, -7.786953195609878 ], [ 110.359828888295425, -7.786940597932184 ], [ 110.359838935524479, -7.7869306077876 ], [ 110.359851586384906, -7.786924203080896 ], [ 110.359865602522646, -7.786922010749211 ], [ 110.359879611940897, -7.786924245393246 ], [ 110.359892243300564, -7.786930688270542 ], [ 110.359902260156403, -7.786940708707593 ], [ 110.359908681988728, -7.786953325834396 ], [ 110.359910880183563, -7.786967304598828 ], [ 110.359908639565873, -7.786981276662059 ], [ 110.359902179462523, -7.786993874341085 ], [ 110.359892132233213, -7.787003864487136 ], [ 110.359879481370811, -7.787010269194885 ], [ 110.359865465230143, -7.787012461526785 ], [ 110.359851455809121, -7.787010226882061 ], [ 110.359838824447877, -7.787003784003431 ], [ 110.359828807592294, -7.786993763564911 ] ] ], [ [ [ 110.3596269193376, -7.786978162297628 ], [ 110.359624721152272, -7.786964183532491 ], [ 110.359626961779114, -7.786950211471507 ], [ 110.359633421889569, -7.786937613797263 ], [ 110.359643469122773, -7.786927623657681 ], [ 110.359656119985615, -7.786921218957036 ], [ 110.359670136123739, -7.786919026631891 ], [ 110.359684145540328, -7.786921261282291 ], [ 110.359696776896442, -7.786927704165164 ], [ 110.359706793747208, -7.786937724606456 ], [ 110.359713215573393, -7.786950341735738 ], [ 110.359715413761663, -7.786964320500656 ], [ 110.359713173137592, -7.786978292562332 ], [ 110.359706713028714, -7.786990890237913 ], [ 110.359696665795227, -7.787000880378964 ], [ 110.359684014930423, -7.787007285080644 ], [ 110.359669998789371, -7.787009477406007 ], [ 110.359655989370012, -7.787007242754919 ], [ 110.359643358012306, -7.787000799870711 ], [ 110.359633341161825, -7.786990779427954 ], [ 110.3596269193376, -7.786978162297628 ] ] ], [ [ [ 110.35956233844685, -7.786894706945326 ], [ 110.359560140263895, -7.78688072818001 ], [ 110.359562380892172, -7.786866756119452 ], [ 110.359568841002996, -7.786854158446194 ], [ 110.359578888235475, -7.786844168308066 ], [ 110.359591539096513, -7.786837763609202 ], [ 110.359605555231994, -7.786835571285981 ], [ 110.359619564645328, -7.786837805938275 ], [ 110.359632195997918, -7.78684424882281 ], [ 110.359642212845174, -7.78685426926538 ], [ 110.359648634668304, -7.786866886395433 ], [ 110.359650832854186, -7.78688086516053 ], [ 110.35964859222868, -7.78689483722178 ], [ 110.359642132119419, -7.786907434896372 ], [ 110.359632084886684, -7.786917425035967 ], [ 110.359619434023671, -7.786923829735874 ], [ 110.359605417885263, -7.786926022059307 ], [ 110.359591408469157, -7.786923787406328 ], [ 110.359578777115004, -7.786917344520455 ], [ 110.35956876026799, -7.786907324076418 ], [ 110.35956233844685, -7.786894706945326 ] ] ], [ [ [ 110.359895696353007, -7.786888995046985 ], [ 110.359889274521905, -7.786876377920062 ], [ 110.359888773118215, -7.786873189391494 ], [ 110.359885502012659, -7.78687956829051 ], [ 110.359875454785936, -7.786889558436409 ], [ 110.359862803926887, -7.786895963143952 ], [ 110.359848787790014, -7.786898155475615 ], [ 110.359834778372885, -7.786895920830644 ], [ 110.359822147015208, -7.786889477951779 ], [ 110.359812130162553, -7.786879457513064 ], [ 110.359805708334179, -7.786866840385082 ], [ 110.359803510143138, -7.786852861620368 ], [ 110.359805750763243, -7.786838889557837 ], [ 110.359812210866593, -7.786826291880226 ], [ 110.359822258093061, -7.786816301735794 ], [ 110.35983490895012, -7.786809897029293 ], [ 110.359848925084066, -7.786807704697849 ], [ 110.359862934498423, -7.786809939342132 ], [ 110.359875565854523, -7.786816382219659 ], [ 110.359885582707435, -7.786826402656908 ], [ 110.359892004537784, -7.786839019783848 ], [ 110.359892505941474, -7.786842208312413 ], [ 110.359895777046603, -7.786835829413302 ], [ 110.359905824271493, -7.786825839266753 ], [ 110.359918475127799, -7.78681943455768 ], [ 110.359932491261858, -7.786817242223464 ], [ 110.359946500677182, -7.786819476865044 ], [ 110.35995913203503, -7.78682591974021 ], [ 110.359969148890315, -7.786835940175656 ], [ 110.359975570723378, -7.786848557301537 ], [ 110.359977768920189, -7.786862536065827 ], [ 110.35997552830554, -7.786876508129705 ], [ 110.359969068205956, -7.786889105810105 ], [ 110.359959020980824, -7.786899095958127 ], [ 110.359946370122529, -7.786905500668237 ], [ 110.359932353985556, -7.786907693002672 ], [ 110.359918344567433, -7.786905458360401 ], [ 110.359905713208008, -7.786899015483906 ], [ 110.359895696353007, -7.786888995046985 ] ] ], [ [ [ 110.359884133231603, -7.786710999012564 ], [ 110.359881935038302, -7.786697020248007 ], [ 110.359884175654599, -7.786683048184683 ], [ 110.359890635752933, -7.786670450505404 ], [ 110.359900682973674, -7.786660460358587 ], [ 110.359913333824878, -7.786654055649223 ], [ 110.359927349953381, -7.786651863314713 ], [ 110.359941359363248, -7.786654097956035 ], [ 110.359953990716264, -7.786660540830993 ], [ 110.359964007567797, -7.786670561266313 ], [ 110.359970429398601, -7.78668317839215 ], [ 110.359972627594814, -7.786697157156492 ], [ 110.359970386981317, -7.786711129220507 ], [ 110.359963926884532, -7.786723726901119 ], [ 110.359953879663536, -7.786733717049403 ], [ 110.359941228810371, -7.786740121759812 ], [ 110.359927212678926, -7.786742314094534 ], [ 110.359913203266274, -7.78674007945253 ], [ 110.359900571911695, -7.786733636576233 ], [ 110.359890555060417, -7.786723616139449 ], [ 110.359884133231603, -7.786710999012564 ] ] ], [ [ [ 110.36004104458469, -7.786605528984056 ], [ 110.360034622752679, -7.786592911859164 ], [ 110.360032424554632, -7.786578933094955 ], [ 110.36003466516506, -7.786564961030301 ], [ 110.360041125256984, -7.786552363348148 ], [ 110.360051172471415, -7.786542373197189 ], [ 110.36006382331702, -7.786535968482825 ], [ 110.360077839441161, -7.786533776142952 ], [ 110.36009184884837, -7.786536010779057 ], [ 110.360104480200661, -7.786542453649463 ], [ 110.360114497053488, -7.786552474081346 ], [ 110.360120918887461, -7.786565091205196 ], [ 110.360123117088435, -7.786579069969187 ], [ 110.360120876480806, -7.78659304203453 ], [ 110.360114416390417, -7.78660563971802 ], [ 110.360104369175744, -7.786615629870445 ], [ 110.360091718328164, -7.786622034585848 ], [ 110.360077702201096, -7.786624226925943 ], [ 110.360063692791101, -7.786621992289148 ], [ 110.360051061437247, -7.786615549417408 ], [ 110.36004104458469, -7.786605528984056 ] ] ], [ [ [ 110.359841877129639, -7.786573798169235 ], [ 110.359839678938116, -7.786559819404542 ], [ 110.359841919554682, -7.786545847341404 ], [ 110.359848379651794, -7.786533249662621 ], [ 110.35985842686992, -7.786523259516557 ], [ 110.359871077717386, -7.786516854808131 ], [ 110.359885093841356, -7.786514662474654 ], [ 110.359899103246406, -7.786516897116996 ], [ 110.359911734594732, -7.786523339992866 ], [ 110.359921751442187, -7.786533360428901 ], [ 110.359928173269907, -7.786545977555187 ], [ 110.359930371464387, -7.786559956319667 ], [ 110.359928130850591, -7.786573928383495 ], [ 110.359921670755028, -7.78658652606361 ], [ 110.359911623536647, -7.786596516211144 ], [ 110.359898972687219, -7.786602920920611 ], [ 110.359884956560308, -7.786605113254306 ], [ 110.359870947152487, -7.786602878611278 ], [ 110.359858315802597, -7.786596435734071 ], [ 110.359848298955399, -7.786586415296567 ], [ 110.359841877129639, -7.786573798169235 ] ] ], [ [ [ 110.360044990333634, -7.786423522911426 ], [ 110.360042792135673, -7.786409544147203 ], [ 110.360045032744395, -7.786395572082284 ], [ 110.360051492833023, -7.786382974399634 ], [ 110.360061540042864, -7.786372984248008 ], [ 110.36007419088304, -7.786366579532856 ], [ 110.360088207001453, -7.78636438719216 ], [ 110.360102216403192, -7.786366621827487 ], [ 110.360114847750808, -7.786373064697239 ], [ 110.360124864600195, -7.786383085128644 ], [ 110.360131286432321, -7.786395702252257 ], [ 110.360133484633238, -7.78640968101626 ], [ 110.360131244027301, -7.786423653081873 ], [ 110.360124783940222, -7.786436250765853 ], [ 110.360114736730125, -7.786446240918949 ], [ 110.360102085887974, -7.786452645635142 ], [ 110.360088069766633, -7.786454837976057 ], [ 110.360074060362109, -7.78645260334004 ], [ 110.360061429012944, -7.786446160468953 ], [ 110.360051412163799, -7.786436140036076 ], [ 110.360044990333634, -7.786423522911426 ] ] ], [ [ [ 110.360055018978159, -7.786280185691825 ], [ 110.360048597149884, -7.786267568567322 ], [ 110.360046398952178, -7.786253589803073 ], [ 110.360048639559523, -7.786239617737952 ], [ 110.360055099645294, -7.786227020054958 ], [ 110.360065146851042, -7.786217029902859 ], [ 110.360077797686287, -7.786210625187174 ], [ 110.360091813799457, -7.786208432845915 ], [ 110.360105823196093, -7.786210667480722 ], [ 110.360118454539304, -7.786217110350039 ], [ 110.36012847138538, -7.786227130781141 ], [ 110.36013489321563, -7.786239747904601 ], [ 110.360137091416277, -7.786253726668637 ], [ 110.360134850811704, -7.786267698734441 ], [ 110.360128390727496, -7.786280296418774 ], [ 110.360118343521506, -7.786290286572338 ], [ 110.360105692684272, -7.786296691289071 ], [ 110.360091676568189, -7.786298883630543 ], [ 110.360077667168753, -7.78629664899505 ], [ 110.360065035823993, -7.786290206124395 ], [ 110.360055018978159, -7.786280185691825 ] ] ], [ [ [ 110.359812296521326, -7.786078984548419 ], [ 110.359810098332034, -7.786065005783537 ], [ 110.359812338945602, -7.786051033720097 ], [ 110.35981879903477, -7.786038436040927 ], [ 110.359824845026395, -7.786032424385462 ], [ 110.359816798268199, -7.786024374732637 ], [ 110.359810376450611, -7.786011757605269 ], [ 110.359808178261531, -7.785997778840367 ], [ 110.35981041887463, -7.785983806776871 ], [ 110.359816878962675, -7.785971209097611 ], [ 110.359826926167003, -7.785961218951006 ], [ 110.359839576997302, -7.785954814242019 ], [ 110.359853593102443, -7.785952621908021 ], [ 110.359867602488805, -7.785954856549931 ], [ 110.359880233820448, -7.785961299425503 ], [ 110.359890250654843, -7.7859713198614 ], [ 110.359896672474392, -7.785983936987726 ], [ 110.359898870666399, -7.785997915752412 ], [ 110.35989663005607, -7.786011887816596 ], [ 110.359890169969603, -7.786024485497189 ], [ 110.359884123978972, -7.786030497153673 ], [ 110.359892170738661, -7.786038546805331 ], [ 110.359898592559134, -7.786051163931679 ], [ 110.359900790751382, -7.786065142696343 ], [ 110.359898550140585, -7.78607911476047 ], [ 110.359892090052981, -7.786091712440975 ], [ 110.359882042846692, -7.786101702588936 ], [ 110.359869392012342, -7.786108107298843 ], [ 110.359855375902015, -7.786110299632931 ], [ 110.359841366510651, -7.786108064990223 ], [ 110.359828735175483, -7.786101622113224 ], [ 110.359818718339838, -7.786091601675806 ], [ 110.359812296521326, -7.786078984548419 ] ] ], [ [ [ 110.359575520384183, -7.7860065321506 ], [ 110.35956909857434, -7.785993915020178 ], [ 110.359566900393403, -7.78597993625467 ], [ 110.359569141014248, -7.785965964193079 ], [ 110.359575601108887, -7.785953366518049 ], [ 110.359585648318003, -7.785943376377579 ], [ 110.359598299150818, -7.78593697167604 ], [ 110.359612315255973, -7.785934779350072 ], [ 110.359626324639819, -7.785937013999804 ], [ 110.359638955966659, -7.785943456882224 ], [ 110.359648972794474, -7.785953477323331 ], [ 110.359655394606278, -7.785966094452713 ], [ 110.359657592790143, -7.785980073218002 ], [ 110.359655352172069, -7.785994045280283 ], [ 110.359648892079008, -7.786006642956646 ], [ 110.359638844869636, -7.786016633098582 ], [ 110.359626194034846, -7.786023037801163 ], [ 110.359612177926763, -7.786025230127351 ], [ 110.359598168540131, -7.786022995476928 ], [ 110.359585537211714, -7.78601655259317 ], [ 110.359575520384183, -7.7860065321506 ] ] ], [ [ [ 110.359381400449266, -7.786004894448375 ], [ 110.359374978645491, -7.785992277315484 ], [ 110.359372780471091, -7.785978298549494 ], [ 110.359375021098259, -7.785964326489452 ], [ 110.359381481198412, -7.785951728817849 ], [ 110.35939152841172, -7.785941738682348 ], [ 110.359404179246951, -7.785935333986838 ], [ 110.359418195352532, -7.785933141667362 ], [ 110.359432204734773, -7.785935376323421 ], [ 110.359444836058145, -7.785941819211378 ], [ 110.35945485288093, -7.785951839656692 ], [ 110.359461274686652, -7.785964456788543 ], [ 110.359463472863993, -7.785978435554317 ], [ 110.35946123223961, -7.785992407615049 ], [ 110.359454772141021, -7.786005005287987 ], [ 110.359444724927457, -7.786014995424952 ], [ 110.35943207409025, -7.786021400121508 ], [ 110.359418057981742, -7.786023592441197 ], [ 110.359404048596716, -7.786021357784449 ], [ 110.35939141727178, -7.786014914895156 ], [ 110.359381400449266, -7.786004894448375 ] ] ], [ [ [ 110.359478475728523, -7.785995629727672 ], [ 110.359472053921849, -7.785983012596022 ], [ 110.359469855744209, -7.78596903383027 ], [ 110.359472096368123, -7.785955061769444 ], [ 110.359478556465348, -7.785942464096108 ], [ 110.359488603676297, -7.785932473958098 ], [ 110.359501254510008, -7.785926069259544 ], [ 110.35951527061502, -7.785923876936794 ], [ 110.359529279997744, -7.785926111589662 ], [ 110.359541911322566, -7.785932554474833 ], [ 110.359551928147638, -7.785942574918026 ], [ 110.359558349956274, -7.785955192048634 ], [ 110.359560548136855, -7.785969170814166 ], [ 110.359558307515712, -7.785983142875687 ], [ 110.35955184742005, -7.785995740550355 ], [ 110.359541800208859, -7.78600573068983 ], [ 110.359529149373159, -7.786012135389426 ], [ 110.359515133265205, -7.786014327712395 ], [ 110.359501123879724, -7.786012093058837 ], [ 110.359488492553339, -7.786005650172333 ], [ 110.359478475728523, -7.785995629727672 ] ] ], [ [ [ 110.359112064461613, -7.78513141236115 ], [ 110.359109866298198, -7.785117433594309 ], [ 110.359112106927057, -7.785103461535429 ], [ 110.359118567019465, -7.785090863866892 ], [ 110.359128614216289, -7.785080873736058 ], [ 110.359141265028001, -7.785074469046358 ], [ 110.359155281105259, -7.785072276733265 ], [ 110.359169290457174, -7.785074511395662 ], [ 110.359181921751187, -7.785080954289289 ], [ 110.359191938548435, -7.785090974739045 ], [ 110.359198360334972, -7.785103591873678 ], [ 110.359200558501342, -7.785117570640302 ], [ 110.359198317875254, -7.785131542699873 ], [ 110.359191857784424, -7.785144140369747 ], [ 110.359181810587316, -7.785154130502046 ], [ 110.359169159773657, -7.785160535192787 ], [ 110.359155143693457, -7.785162727506095 ], [ 110.359141134338756, -7.785160492843012 ], [ 110.359128503043195, -7.78515404994805 ], [ 110.359118486246203, -7.785144029496826 ], [ 110.359112064461613, -7.78513141236115 ] ] ], [ [ [ 110.359296759787483, -7.784927837454959 ], [ 110.359290338000108, -7.784915220321692 ], [ 110.35928813983125, -7.784901241555244 ], [ 110.359290380452549, -7.784887269494708 ], [ 110.35929684053599, -7.784874671822626 ], [ 110.359306887723406, -7.784864681686703 ], [ 110.35931953852608, -7.784858276990869 ], [ 110.359333554595608, -7.784856084671209 ], [ 110.359347563941867, -7.784858319327228 ], [ 110.359360195232838, -7.784864762215304 ], [ 110.359368854440163, -7.784873424576656 ], [ 110.359375048760029, -7.784861345158514 ], [ 110.359385095945399, -7.78485135502056 ], [ 110.359397746746652, -7.784844950322261 ], [ 110.359411762815554, -7.784842757999942 ], [ 110.359425772161998, -7.784844992653379 ], [ 110.35943840345395, -7.784851435539193 ], [ 110.359448420252775, -7.784861455983052 ], [ 110.3594548420444, -7.784874073114273 ], [ 110.3594570402188, -7.784888051880316 ], [ 110.359454799602929, -7.78490202394218 ], [ 110.359448339523524, -7.784914621617005 ], [ 110.359438292337913, -7.784924611756426 ], [ 110.359425641534671, -7.78493101645577 ], [ 110.35941162546284, -7.784933208778305 ], [ 110.359397616113625, -7.784930974124179 ], [ 110.359384984820096, -7.784924531237027 ], [ 110.359376325611436, -7.784915868875914 ], [ 110.359370131290689, -7.784927948293981 ], [ 110.359360084103017, -7.784937938431368 ], [ 110.359347433298367, -7.784944343128241 ], [ 110.359333417225898, -7.784946535448122 ], [ 110.359319407876868, -7.784944300791414 ], [ 110.359306776584347, -7.784937857901999 ], [ 110.359296759787483, -7.784927837454959 ] ] ], [ [ [ 110.359458858470347, -7.784907407995996 ], [ 110.359456660295834, -7.784893429229962 ], [ 110.359458900911562, -7.784879457168071 ], [ 110.359465360990058, -7.784866859492997 ], [ 110.359475408173594, -7.784856869352741 ], [ 110.359488058973881, -7.784850464651652 ], [ 110.359502075042727, -7.784848272326325 ], [ 110.35951608439008, -7.784850506976831 ], [ 110.359528715683808, -7.784856949860081 ], [ 110.359538732485078, -7.784866970301987 ], [ 110.359545154279559, -7.784879587432066 ], [ 110.359547352457, -7.784893566197883 ], [ 110.359545111844056, -7.784907538260461 ], [ 110.359538651767124, -7.78492013593687 ], [ 110.359528604583346, -7.784930126078592 ], [ 110.359515953781084, -7.784936530780723 ], [ 110.359501937709297, -7.784938723106265 ], [ 110.359487928359172, -7.784936488455073 ], [ 110.359475297063881, -7.784930045570489 ], [ 110.359465280262853, -7.784920025127112 ], [ 110.359458858470347, -7.784907407995996 ] ] ], [ [ [ 110.3591339807586, -7.784902883748456 ], [ 110.359131782595014, -7.784888904981615 ], [ 110.35913402322133, -7.784874932922315 ], [ 110.359140483309034, -7.784862335252966 ], [ 110.35915053049952, -7.784852345121024 ], [ 110.359163181303813, -7.784845940430016 ], [ 110.359177197373313, -7.78484374811555 ], [ 110.359191206717909, -7.784845982776634 ], [ 110.359203838005755, -7.784852425669151 ], [ 110.359213854798583, -7.784862446118097 ], [ 110.359220276582889, -7.784875063252302 ], [ 110.359222474749416, -7.784889042018924 ], [ 110.359220234125885, -7.78490301407892 ], [ 110.359213774039745, -7.784915611749599 ], [ 110.359203726849003, -7.78492560188301 ], [ 110.359191076042748, -7.78493200657506 ], [ 110.359177059970293, -7.784934198889743 ], [ 110.359163050622925, -7.784931964227964 ], [ 110.359150419333517, -7.784925521334117 ], [ 110.359140402540945, -7.784915500883703 ], [ 110.3591339807586, -7.784902883748456 ] ] ], [ [ [ 110.359629700533162, -7.784904106498785 ], [ 110.359628994628949, -7.784905483070263 ], [ 110.359618947447487, -7.78491547321434 ], [ 110.359606296646845, -7.784921877919316 ], [ 110.359592280575782, -7.784924070247923 ], [ 110.359578271225402, -7.78492183559971 ], [ 110.359565639928945, -7.784915392717736 ], [ 110.359555623125928, -7.784905372276343 ], [ 110.359549201330779, -7.784892755146382 ], [ 110.359547003153267, -7.78487877638057 ], [ 110.359549243765926, -7.784864804317944 ], [ 110.359555703841579, -7.784852206641248 ], [ 110.359565751022771, -7.784842216498642 ], [ 110.359578401821452, -7.784835811794705 ], [ 110.359592417889587, -7.784833619466312 ], [ 110.359606427237182, -7.784835854113836 ], [ 110.359619058532076, -7.784842296994475 ], [ 110.359629075335349, -7.7848523174344 ], [ 110.359631831555404, -7.78485773267624 ], [ 110.359632537459532, -7.784856356104745 ], [ 110.359642584639161, -7.78484636596018 ], [ 110.359655235436989, -7.78483996125387 ], [ 110.359669251505068, -7.784837768922917 ], [ 110.359683260853402, -7.784840003567942 ], [ 110.359695892149801, -7.784846446446402 ], [ 110.359705908955121, -7.784856466884666 ], [ 110.359712330754704, -7.784869084012613 ], [ 110.359714528937715, -7.784883062778014 ], [ 110.359712288330314, -7.784897034841939 ], [ 110.359705828258356, -7.784909632521317 ], [ 110.359695781078472, -7.78491962266735 ], [ 110.359683130278668, -7.784926027374703 ], [ 110.359669114207662, -7.784928219705876 ], [ 110.359655104856543, -7.784925985060158 ], [ 110.359642473558608, -7.784919542180366 ], [ 110.359632456753516, -7.784909521740633 ], [ 110.359629700533162, -7.784904106498785 ] ] ], [ [ [ 110.359810409606382, -7.784904412478734 ], [ 110.35980833821715, -7.784900342752588 ], [ 110.359806943399263, -7.784903062765421 ], [ 110.359796896221752, -7.78491305291406 ], [ 110.359784245423441, -7.784919457624569 ], [ 110.359770229352904, -7.784921649959146 ], [ 110.359756220001188, -7.784919415316741 ], [ 110.359743588701647, -7.784912972439854 ], [ 110.359733571894111, -7.784902952002319 ], [ 110.359727150093448, -7.784890334874619 ], [ 110.359724951909968, -7.784876356109253 ], [ 110.3597271925168, -7.784862384045206 ], [ 110.359733652587309, -7.78484978636536 ], [ 110.359743699764564, -7.784839796218191 ], [ 110.3597563505609, -7.784833391508719 ], [ 110.35977036662851, -7.784831199174366 ], [ 110.359784375977441, -7.784833433816075 ], [ 110.359797007275418, -7.784839876691635 ], [ 110.35980702408321, -7.784849897127697 ], [ 110.359809095472244, -7.784853966853837 ], [ 110.359810490289917, -7.784851246840976 ], [ 110.359820537465538, -7.784841256691839 ], [ 110.35983318826095, -7.784834851979984 ], [ 110.359847204328418, -7.78483265964306 ], [ 110.359861213678016, -7.784834894282275 ], [ 110.359873844977386, -7.784841337155638 ], [ 110.359883861787196, -7.784851357590038 ], [ 110.359890283592222, -7.78486397471572 ], [ 110.359892481781216, -7.784877953480678 ], [ 110.35989024117967, -7.78489192554603 ], [ 110.359883781112899, -7.784904523228561 ], [ 110.359873733937022, -7.784914513379164 ], [ 110.359861083139648, -7.784920918092062 ], [ 110.359847067069239, -7.784923110429202 ], [ 110.35983305771687, -7.784920875789298 ], [ 110.359820426415922, -7.784914432914597 ], [ 110.359810409606382, -7.784904412478734 ] ] ], [ [ [ 110.360014383979887, -7.784827577812297 ], [ 110.360012185786942, -7.78481359904763 ], [ 110.36001442638387, -7.784799626981224 ], [ 110.360020886445042, -7.784787029296191 ], [ 110.360030933614439, -7.784777039141509 ], [ 110.360043584405147, -7.784770634422945 ], [ 110.360057600469929, -7.784768442078799 ], [ 110.360071609819101, -7.784770676710985 ], [ 110.360084241120376, -7.784777119578204 ], [ 110.360094257934179, -7.784787140007949 ], [ 110.360100679744946, -7.784799757130916 ], [ 110.360102877940832, -7.784813735895363 ], [ 110.36010063734669, -7.784827707962461 ], [ 110.360094177287081, -7.784840305648828 ], [ 110.360084130117428, -7.784850295804971 ], [ 110.360071479324731, -7.784856700524582 ], [ 110.360057463257021, -7.784858892868944 ], [ 110.360043453905078, -7.78485665823607 ], [ 110.360030822602255, -7.784850215367513 ], [ 110.360020805788707, -7.784840194936304 ], [ 110.360014383979887, -7.784827577812297 ] ] ], [ [ [ 110.360101810056875, -7.784760992784144 ], [ 110.360095388246563, -7.784748375661216 ], [ 110.360093190051103, -7.784734396896734 ], [ 110.360095430644733, -7.784720424829595 ], [ 110.360101890702182, -7.784707827142986 ], [ 110.360111937867785, -7.784697836986041 ], [ 110.360124588654983, -7.784691432264743 ], [ 110.360138604716894, -7.78468923991766 ], [ 110.360152614064134, -7.784691474547001 ], [ 110.360165245364556, -7.784697917411744 ], [ 110.3601752621787, -7.784707937839612 ], [ 110.360181683990987, -7.784720554961496 ], [ 110.360183882189403, -7.784734533725764 ], [ 110.36018164159853, -7.784748505793592 ], [ 110.360175181542644, -7.784761103481535 ], [ 110.3601651343768, -7.784771093639947 ], [ 110.360152483587626, -7.784777498362287 ], [ 110.360138467522773, -7.784779690709583 ], [ 110.360124458172763, -7.784777456079554 ], [ 110.360111826870778, -7.784771013213479 ], [ 110.360101810056875, -7.784760992784144 ] ] ], [ [ [ 110.359972638754186, -7.784439762257744 ], [ 110.359960007464579, -7.784433319388058 ], [ 110.359949990661946, -7.784423298955917 ], [ 110.359943568860672, -7.784410681831281 ], [ 110.359941370671137, -7.784396703066341 ], [ 110.359943611267042, -7.784382731000048 ], [ 110.359950071322828, -7.7843701333155 ], [ 110.359958014625192, -7.784362235082519 ], [ 110.359962228377398, -7.784354017889111 ], [ 110.359972275536904, -7.784344027734891 ], [ 110.359984926314851, -7.784337623016965 ], [ 110.359998942365209, -7.784335430673569 ], [ 110.360012951699716, -7.784337665306544 ], [ 110.360025582987518, -7.784344108174517 ], [ 110.360035599790365, -7.784354128604901 ], [ 110.360042021593785, -7.784366745728329 ], [ 110.360043931588478, -7.784378891781245 ], [ 110.360050073268539, -7.784390958536179 ], [ 110.360052271461711, -7.784404937300848 ], [ 110.360050030869175, -7.784418909367986 ], [ 110.360043570815378, -7.78443150705421 ], [ 110.360033523655162, -7.784441497210041 ], [ 110.360020872874586, -7.784447901929195 ], [ 110.360006856820505, -7.784450094273009 ], [ 110.35999284748236, -7.784447859639545 ], [ 110.35998021619217, -7.784441416770417 ], [ 110.359979685976327, -7.784440886362538 ], [ 110.359972638754186, -7.784439762257744 ] ] ], [ [ [ 110.360019513239138, -7.784112321640164 ], [ 110.360017315047813, -7.784098342875346 ], [ 110.360019555638843, -7.784084370808121 ], [ 110.360026015687168, -7.784071773121686 ], [ 110.360036062838034, -7.784061782965157 ], [ 110.360038523662311, -7.78406053712055 ], [ 110.360037602279178, -7.784054677851278 ], [ 110.360039842869199, -7.784040705783842 ], [ 110.3600400231023, -7.7840403543127 ], [ 110.360032098109386, -7.784048234350294 ], [ 110.360019447341074, -7.784054639070479 ], [ 110.360005431300223, -7.78405683141535 ], [ 110.359991421974968, -7.78405459678286 ], [ 110.35997879069609, -7.784048153914528 ], [ 110.359968773901358, -7.784038133483361 ], [ 110.359962352104432, -7.784025516359213 ], [ 110.359960153915239, -7.784011537594232 ], [ 110.359962394507434, -7.78399756552737 ], [ 110.359968854555859, -7.783984967841782 ], [ 110.35997890170573, -7.783974977686514 ], [ 110.359991552472067, -7.783968572967366 ], [ 110.360005568509976, -7.783966380622712 ], [ 110.360019577832446, -7.783968615254514 ], [ 110.360032209109775, -7.783975058121512 ], [ 110.360042225904749, -7.783985078551211 ], [ 110.36004864770365, -7.78399769567432 ], [ 110.360050845895799, -7.784011674439081 ], [ 110.360048605306361, -7.784025646506632 ], [ 110.360048425073273, -7.784025997977787 ], [ 110.360056350065463, -7.784018117939818 ], [ 110.360069000832155, -7.784011713218385 ], [ 110.360083016871329, -7.784009520871262 ], [ 110.360097026195831, -7.784011755500646 ], [ 110.360109657475775, -7.784018198365531 ], [ 110.360119674273676, -7.784028218793612 ], [ 110.360126096075547, -7.78404083591576 ], [ 110.360128294270382, -7.78405481468032 ], [ 110.360126053683146, -7.784068786748445 ], [ 110.360119593637734, -7.784081384436651 ], [ 110.360109546488189, -7.784091374595275 ], [ 110.360107085663898, -7.784092620440292 ], [ 110.360108007048041, -7.784098479709491 ], [ 110.360105766459796, -7.784112451777406 ], [ 110.360099306413019, -7.784125049465175 ], [ 110.360089259261912, -7.784135039623171 ], [ 110.360076608491624, -7.784141444344893 ], [ 110.360062592448003, -7.784143636691435 ], [ 110.360048583119436, -7.784141402060581 ], [ 110.360035951837048, -7.784134959193695 ], [ 110.360025935038976, -7.784124938763644 ], [ 110.360019513239138, -7.784112321640164 ] ] ], [ [ [ 110.360150294646687, -7.787210203170906 ], [ 110.360148096443197, -7.787196224407126 ], [ 110.36015033705479, -7.78718225234222 ], [ 110.360156797154374, -7.787169654659152 ], [ 110.360166844382192, -7.787159664506718 ], [ 110.360179495245589, -7.787153259790449 ], [ 110.360193511390221, -7.787151067448431 ], [ 110.360207520818605, -7.787153302082363 ], [ 110.360220152190664, -7.787159744950785 ], [ 110.360230169059918, -7.787169765381057 ], [ 110.360236590905387, -7.787182382503836 ], [ 110.360238789111804, -7.787196361267396 ], [ 110.360236548502996, -7.787210333332996 ], [ 110.360230088404961, -7.787222931017393 ], [ 110.360220041176902, -7.7872329211713 ], [ 110.36020739031153, -7.787239325888611 ], [ 110.360193374163956, -7.787241518230848 ], [ 110.360179364732801, -7.787239283596224 ], [ 110.360166733359179, -7.787232840726468 ], [ 110.360156716490181, -7.787222820294725 ], [ 110.360150294646687, -7.787210203170906 ] ] ], [ [ [ 110.360283841603163, -7.78715259201333 ], [ 110.360281643395325, -7.787138613249872 ], [ 110.360283884002087, -7.787124641183834 ], [ 110.360290344096839, -7.787112043498304 ], [ 110.360300391320251, -7.78710205334231 ], [ 110.360313042180152, -7.78709564862173 ], [ 110.360327058322525, -7.787093456275078 ], [ 110.36034106775007, -7.787095690904508 ], [ 110.36035369912284, -7.787102133768995 ], [ 110.360363715994268, -7.787112154196284 ], [ 110.360370137843177, -7.787124771317328 ], [ 110.360372336053928, -7.787138750080572 ], [ 110.360370095449952, -7.787152722147295 ], [ 110.360363635356762, -7.787165319834161 ], [ 110.36035358813308, -7.787175309991624 ], [ 110.360340937271204, -7.787181714713244 ], [ 110.360326921125917, -7.787183907060114 ], [ 110.360312911695587, -7.787181672429995 ], [ 110.360300280321255, -7.787175229564174 ], [ 110.360290263450068, -7.787165209135416 ], [ 110.360283841603163, -7.78715259201333 ] ] ], [ [ [ 110.360345722062505, -7.787041600560915 ], [ 110.360339300215443, -7.787028983439617 ], [ 110.360337102006071, -7.787015004676266 ], [ 110.360339342610018, -7.787001032609653 ], [ 110.360345802700976, -7.786988434922918 ], [ 110.360355849920012, -7.786978444765206 ], [ 110.360368500775337, -7.786972040042566 ], [ 110.360382516913404, -7.786969847693713 ], [ 110.360396526337354, -7.78697208232101 ], [ 110.360409157707551, -7.786978525183649 ], [ 110.360419174577714, -7.786988545609558 ], [ 110.360425596426751, -7.787001162729814 ], [ 110.360427794639051, -7.787015141492946 ], [ 110.360425554037889, -7.787029113560249 ], [ 110.360419093948494, -7.787041711248317 ], [ 110.360409046729202, -7.787051701407501 ], [ 110.360396395871888, -7.787058106131181 ], [ 110.360382379730908, -7.787060298480253 ], [ 110.360368370304187, -7.787058063852265 ], [ 110.360355738932412, -7.787051620988293 ], [ 110.360345722062505, -7.787041600560915 ] ] ], [ [ [ 110.36072084151138, -7.7870053582326 ], [ 110.360718643289246, -7.786991379470198 ], [ 110.360720883880532, -7.786977407400519 ], [ 110.360727343960164, -7.786964809707 ], [ 110.360737391170275, -7.786954819539455 ], [ 110.360750042020015, -7.786948414804894 ], [ 110.36076405815632, -7.786946222443197 ], [ 110.360778067582544, -7.786948457057991 ], [ 110.360790698958823, -7.786954899909688 ], [ 110.360800715838266, -7.786964920327279 ], [ 110.360807137698899, -7.786977537442668 ], [ 110.36080933592396, -7.786991516204854 ], [ 110.360807095335446, -7.787005488275224 ], [ 110.360800635257391, -7.787018085970076 ], [ 110.36079058804701, -7.787028076139092 ], [ 110.360777937195323, -7.787034480874691 ], [ 110.360763921056076, -7.787036673236607 ], [ 110.360749911627067, -7.787034438621123 ], [ 110.360737280249225, -7.787027995768097 ], [ 110.360727263370038, -7.787017975349033 ], [ 110.36072084151138, -7.7870053582326 ] ] ], [ [ [ 110.360698086301426, -7.786898437678325 ], [ 110.360695888080343, -7.78688445891584 ], [ 110.360698128671515, -7.786870486846223 ], [ 110.360704588749883, -7.786857889152913 ], [ 110.360714635957748, -7.786847898985692 ], [ 110.360727286804433, -7.786841494251548 ], [ 110.3607413029372, -7.786839301890313 ], [ 110.360755312359728, -7.786841536505572 ], [ 110.36076794373254, -7.786847979357692 ], [ 110.36077796060907, -7.786857999775624 ], [ 110.360784382467614, -7.786870616891231 ], [ 110.360786580691652, -7.786884595653496 ], [ 110.360784340103251, -7.786898567723804 ], [ 110.360777880026433, -7.78691116541845 ], [ 110.360767832818325, -7.786921155587138 ], [ 110.360755181969679, -7.786927560322322 ], [ 110.360741165833971, -7.786929752683776 ], [ 110.360727156408672, -7.786927518067828 ], [ 110.360714525034297, -7.786921075214377 ], [ 110.360704508158008, -7.786911054794976 ], [ 110.360698086301426, -7.786898437678325 ] ] ], [ [ [ 110.360170680655301, -7.78690419939172 ], [ 110.360164258815459, -7.786891582268285 ], [ 110.360162060612296, -7.786877603504466 ], [ 110.360164301220877, -7.786863631439101 ], [ 110.360170761314407, -7.786851033755209 ], [ 110.360180808533713, -7.786841043601647 ], [ 110.360193459386977, -7.786834638884073 ], [ 110.360207475520852, -7.786832446540693 ], [ 110.36022148493889, -7.786834681173342 ], [ 110.360234116302053, -7.78684112404069 ], [ 110.360244133164727, -7.786851144470194 ], [ 110.360250555006559, -7.786863761592587 ], [ 110.360252753212635, -7.786877740356188 ], [ 110.360250512606839, -7.786891712422243 ], [ 110.360244052514872, -7.786904310107471 ], [ 110.360234005295325, -7.786914300262501 ], [ 110.360221354440071, -7.786920704981117 ], [ 110.360207338303269, -7.786922897324713 ], [ 110.360193328882431, -7.786920662691375 ], [ 110.36018069751772, -7.786914219822695 ], [ 110.360170680655301, -7.78690419939172 ] ] ], [ [ [ 110.360702438261299, -7.786695427599219 ], [ 110.360700240040558, -7.786681448836696 ], [ 110.360702480629968, -7.786667476766828 ], [ 110.360708940704612, -7.786654879073068 ], [ 110.360718987907148, -7.786644888905247 ], [ 110.360731638747438, -7.786638484170412 ], [ 110.360745654873355, -7.786636291808468 ], [ 110.360759664289262, -7.786638526423055 ], [ 110.360772295656332, -7.786644969274617 ], [ 110.360782312528542, -7.78665498969216 ], [ 110.360788734384627, -7.78666760680758 ], [ 110.360790932608282, -7.786681585569882 ], [ 110.360788692021671, -7.786695557640444 ], [ 110.36078223194859, -7.786708155335536 ], [ 110.360772184745798, -7.786718145504824 ], [ 110.360759533903533, -7.786724550240702 ], [ 110.360745517774689, -7.786726742602866 ], [ 110.360731508355983, -7.786724507987588 ], [ 110.360718876987363, -7.786718065134693 ], [ 110.360708860115409, -7.786708044715684 ], [ 110.360702438261299, -7.786695427599219 ] ] ], [ [ [ 110.360323751429235, -7.786614859842923 ], [ 110.360321553221425, -7.786600881079438 ], [ 110.360323793822573, -7.786586909012501 ], [ 110.360330253906625, -7.786574311325279 ], [ 110.360340301115329, -7.786564321166972 ], [ 110.360352951957921, -7.786557916443682 ], [ 110.360366968082076, -7.786555724094187 ], [ 110.360380977492326, -7.786557958720919 ], [ 110.360393608850359, -7.786564401583121 ], [ 110.360403625711086, -7.78657442200876 ], [ 110.360410047554353, -7.786587039128948 ], [ 110.36041224576509, -7.786601017892214 ], [ 110.360410005166727, -7.786614989959841 ], [ 110.360403545084239, -7.786627587648395 ], [ 110.360393497875279, -7.786637577808174 ], [ 110.360380847030726, -7.786643982532503 ], [ 110.360366830903629, -7.786646174882217 ], [ 110.360352821490608, -7.786643940254795 ], [ 110.360340190130998, -7.786637497391261 ], [ 110.360330173270526, -7.78662747696415 ], [ 110.360323751429235, -7.786614859842923 ] ] ], [ [ [ 110.360866318562429, -7.786584136945316 ], [ 110.360862197231114, -7.786586223451787 ], [ 110.360848181107173, -7.786588415817777 ], [ 110.36083417169219, -7.786586181206204 ], [ 110.36082154032573, -7.786579738356534 ], [ 110.360811523454146, -7.786569717939954 ], [ 110.360805101598601, -7.786557100824886 ], [ 110.360802903374775, -7.786543122062588 ], [ 110.360805143959709, -7.786529149991751 ], [ 110.360811604028953, -7.786516552295923 ], [ 110.360821651225706, -7.786506562125139 ], [ 110.360834302060354, -7.786500157386739 ], [ 110.360848318181368, -7.786497965020966 ], [ 110.360862327593566, -7.786500199631852 ], [ 110.360874958958476, -7.786506642480185 ], [ 110.360880045103684, -7.786511730424625 ], [ 110.360884166434175, -7.786509643917906 ], [ 110.360898182555374, -7.786507451550488 ], [ 110.360912191968282, -7.786509686159773 ], [ 110.360924823334344, -7.786516129006702 ], [ 110.360934840207676, -7.786526149420747 ], [ 110.360941262066859, -7.786538766534147 ], [ 110.360943460295331, -7.7865527452961 ], [ 110.360941219714718, -7.786566717368014 ], [ 110.360934759648288, -7.786579315066039 ], [ 110.360924712452132, -7.786589305239544 ], [ 110.360912061615849, -7.786595709980512 ], [ 110.360898045491709, -7.786597902348146 ], [ 110.36088403607603, -7.786595667738172 ], [ 110.360871404708391, -7.786589224889907 ], [ 110.360866318562429, -7.786584136945316 ] ] ], [ [ [ 110.360537007649512, -7.786443087942538 ], [ 110.360534809434967, -7.786429109179545 ], [ 110.360537050027759, -7.786415137110719 ], [ 110.360543510102659, -7.78640253941942 ], [ 110.360553557302296, -7.786392549255233 ], [ 110.360566208136802, -7.786386144524849 ], [ 110.360580224254647, -7.786383952167733 ], [ 110.360594233660962, -7.786386186787066 ], [ 110.360606865017843, -7.786392629642812 ], [ 110.360616881880304, -7.786402650063573 ], [ 110.360623303728005, -7.786415267180936 ], [ 110.360625501945492, -7.786429245943715 ], [ 110.360623261355485, -7.786443218013225 ], [ 110.360616801282134, -7.786455815705861 ], [ 110.360606754082255, -7.786465805871516 ], [ 110.360594103245774, -7.786472210602943 ], [ 110.360580087124987, -7.786474402960276 ], [ 110.360566077715887, -7.786472168340253 ], [ 110.360553446357443, -7.786465725483175 ], [ 110.360543429495252, -7.786455705060944 ], [ 110.360537007649512, -7.786443087942538 ] ] ], [ [ [ 110.360844938085208, -7.786381847692774 ], [ 110.36084717866747, -7.786367875621423 ], [ 110.360853638732664, -7.786355277924561 ], [ 110.360863685924329, -7.786345287752313 ], [ 110.360876336753407, -7.786338883012166 ], [ 110.360890352868893, -7.786336690644535 ], [ 110.360904362276131, -7.78633892525363 ], [ 110.360915616103398, -7.786344665465243 ], [ 110.360920313044332, -7.786339995178786 ], [ 110.360932963872514, -7.786333590436866 ], [ 110.360946979987673, -7.786331398067323 ], [ 110.36096098939521, -7.786333632674558 ], [ 110.360973620757079, -7.78634007551972 ], [ 110.360983637627811, -7.78635009593245 ], [ 110.360990059486269, -7.786362713045114 ], [ 110.360992257715921, -7.786376691806986 ], [ 110.360990017138334, -7.786390663879481 ], [ 110.360983557076423, -7.786403261578688 ], [ 110.360973509885866, -7.786413251753866 ], [ 110.360960859055709, -7.786419656496832 ], [ 110.360946842937622, -7.786421848866592 ], [ 110.360932833527301, -7.786419614258666 ], [ 110.360921579697859, -7.786413874047347 ], [ 110.360916882756044, -7.786418544333737 ], [ 110.360904231924991, -7.786424949074926 ], [ 110.360890215806592, -7.786427141442775 ], [ 110.360876206396554, -7.786424906832992 ], [ 110.360863575033974, -7.786418463984869 ], [ 110.360853558164834, -7.786408443569433 ], [ 110.360847136310042, -7.786395826455004 ], [ 110.360844938085208, -7.786381847692774 ] ] ], [ [ [ 110.360675949651863, -7.786383468050344 ], [ 110.360673751432799, -7.786369489287686 ], [ 110.360675776190689, -7.786356863110293 ], [ 110.360664162436834, -7.786350939303673 ], [ 110.360654145574287, -7.786340918884011 ], [ 110.360647723726572, -7.786328301767085 ], [ 110.360645525508602, -7.786314323004345 ], [ 110.360647766096861, -7.786300350934514 ], [ 110.360654226166545, -7.786287753241046 ], [ 110.360664273360811, -7.786277763073747 ], [ 110.360676924190329, -7.786271358339608 ], [ 110.360690940304025, -7.786269165978464 ], [ 110.360704949707454, -7.786271400593888 ], [ 110.360717581063014, -7.78627784344623 ], [ 110.360727597925816, -7.786287863864422 ], [ 110.360734019775506, -7.786300480980305 ], [ 110.360736217996418, -7.78631445974283 ], [ 110.360734193240617, -7.7863270859207 ], [ 110.360745806994984, -7.786333009725435 ], [ 110.360755823859719, -7.786343030143094 ], [ 110.360762245711001, -7.786355647258654 ], [ 110.360764443932979, -7.786369626021096 ], [ 110.360762203347988, -7.786383598091782 ], [ 110.360755743279682, -7.786396195786981 ], [ 110.360745696084351, -7.786406185956337 ], [ 110.360733045251507, -7.786412590692246 ], [ 110.360719029133094, -7.786414783054393 ], [ 110.360705019724847, -7.78641254843906 ], [ 110.360692388365649, -7.786406105586072 ], [ 110.360682371501156, -7.786396085166946 ], [ 110.360675949651863, -7.786383468050344 ] ] ], [ [ [ 110.360233239953132, -7.786296081294604 ], [ 110.360231041749145, -7.786282102530823 ], [ 110.360233282350706, -7.786268130464262 ], [ 110.360239742431673, -7.786255532778056 ], [ 110.360249789634139, -7.786245542621297 ], [ 110.360262440467935, -7.78623913789995 ], [ 110.360264090682193, -7.786238879779723 ], [ 110.360262687067745, -7.78623747566388 ], [ 110.360256265233545, -7.786224858542046 ], [ 110.360254067028976, -7.786210879778303 ], [ 110.360256307629186, -7.786196907711482 ], [ 110.360262767708249, -7.786184310024738 ], [ 110.36027281490837, -7.786174319867221 ], [ 110.360285465739651, -7.786167915144963 ], [ 110.360299481850845, -7.786165722796632 ], [ 110.36031349124778, -7.786167957424558 ], [ 110.36032612259342, -7.786174400287853 ], [ 110.360336139443916, -7.786184420714386 ], [ 110.360342561280078, -7.786197037835182 ], [ 110.360344759487589, -7.786211016598706 ], [ 110.360342518890135, -7.786224988666216 ], [ 110.360336058812635, -7.786237586354295 ], [ 110.360326011612258, -7.786247576513283 ], [ 110.360313360779017, -7.78625398123658 ], [ 110.360311710564702, -7.786254239356996 ], [ 110.360313114179391, -7.786255643472694 ], [ 110.360319536015751, -7.786268260593826 ], [ 110.360321734222666, -7.786282239357392 ], [ 110.360319493623905, -7.786296211424641 ], [ 110.360313033544486, -7.786308809112183 ], [ 110.360302986341765, -7.786318799270408 ], [ 110.360290335505994, -7.786325203992798 ], [ 110.360276319389413, -7.786327396340375 ], [ 110.360262309987561, -7.786325161710826 ], [ 110.360249678638709, -7.786318718845385 ], [ 110.360239661787517, -7.786308698416779 ], [ 110.360233239953132, -7.786296081294604 ] ] ], [ [ [ 110.360546952650594, -7.786303033482824 ], [ 110.360536935792098, -7.786293013060686 ], [ 110.360530513948646, -7.786280395942303 ], [ 110.36052831573474, -7.786266417179257 ], [ 110.360530556326438, -7.78625244511031 ], [ 110.360537016398624, -7.786239847418827 ], [ 110.360547063594211, -7.786229857254414 ], [ 110.360559714423729, -7.786223452523788 ], [ 110.360561961699517, -7.78622310101182 ], [ 110.36056074688095, -7.786215375806623 ], [ 110.360562987471184, -7.786201403737359 ], [ 110.360565471229194, -7.786196560195979 ], [ 110.360563002168732, -7.786191709185784 ], [ 110.360560803953959, -7.7861777304228 ], [ 110.360563044543895, -7.786163758353497 ], [ 110.360569504613579, -7.786151160661274 ], [ 110.360579551806168, -7.786141170495819 ], [ 110.360592202632489, -7.786134765763939 ], [ 110.360606218741822, -7.78613257340525 ], [ 110.360620228140093, -7.786134808023083 ], [ 110.360632859490238, -7.786141250877553 ], [ 110.360642876347868, -7.78615127129738 ], [ 110.360649298193167, -7.786163888414253 ], [ 110.360651496410895, -7.78617786717702 ], [ 110.360649255823745, -7.786191839247013 ], [ 110.360646772066687, -7.786196682788967 ], [ 110.360649241128172, -7.786201533798756 ], [ 110.360651439345986, -7.786215512561513 ], [ 110.360649198758523, -7.786229484631467 ], [ 110.360647416794478, -7.786232959615733 ], [ 110.360647844144765, -7.786233799238516 ], [ 110.360650042362607, -7.786247778001273 ], [ 110.36064780177486, -7.786261750071177 ], [ 110.360641341705445, -7.786274347764578 ], [ 110.360637013633522, -7.786278651270414 ], [ 110.360635630417207, -7.786287276859511 ], [ 110.360629170346996, -7.786299874552652 ], [ 110.360619123151395, -7.786309864718999 ], [ 110.360606472319944, -7.786316269451232 ], [ 110.360592456204444, -7.78631846180942 ], [ 110.360578446800346, -7.786316227190204 ], [ 110.360567772241922, -7.786310782433804 ], [ 110.36055958400425, -7.786309476339741 ], [ 110.360546952650594, -7.786303033482824 ] ] ], [ [ [ 110.360912169669447, -7.786180807494645 ], [ 110.360909971442979, -7.786166828732527 ], [ 110.36091221202139, -7.786152856660428 ], [ 110.360918672080899, -7.78614025896202 ], [ 110.360928719265615, -7.786130268787591 ], [ 110.360941370087147, -7.786123864044834 ], [ 110.360955386195229, -7.786121671674422 ], [ 110.360969395595944, -7.786123906280842 ], [ 110.360982026951945, -7.786130349125318 ], [ 110.360992043818314, -7.786140369537557 ], [ 110.360998465674356, -7.786152986649983 ], [ 110.361000663903766, -7.786166965411882 ], [ 110.360998423328127, -7.786180937484671 ], [ 110.360991963270195, -7.786193535184409 ], [ 110.360981916085223, -7.786203525360307 ], [ 110.360969265261716, -7.786209930104105 ], [ 110.360955249150706, -7.786212122474735 ], [ 110.360941239747206, -7.786209887867627 ], [ 110.360928608389642, -7.786203445021815 ], [ 110.360918591523529, -7.786193424608109 ], [ 110.360912169669447, -7.786180807494645 ] ] ], [ [ [ 110.360109082535175, -7.786187498095981 ], [ 110.360102660706403, -7.786174880972224 ], [ 110.360100462507106, -7.786160902208091 ], [ 110.360102703111949, -7.786146930142437 ], [ 110.360109163194522, -7.786134332458316 ], [ 110.360119210396704, -7.786124342304612 ], [ 110.360131861228368, -7.786117937586993 ], [ 110.360145877338269, -7.786115745243665 ], [ 110.360159886732319, -7.786117979876469 ], [ 110.36017251807381, -7.786124422744042 ], [ 110.360182534919261, -7.786134443173836 ], [ 110.360188956750008, -7.786147060296551 ], [ 110.360191154952233, -7.78616103906047 ], [ 110.360188914350175, -7.786175011126812 ], [ 110.360182454269165, -7.786187608812267 ], [ 110.360172407066742, -7.786197598967439 ], [ 110.360159756233088, -7.786204003686101 ], [ 110.360145740120259, -7.786206196029646 ], [ 110.360131730723424, -7.786203961396156 ], [ 110.36011909938037, -7.786197518527245 ], [ 110.360109082535175, -7.786187498095981 ] ] ], [ [ [ 110.360214628014333, -7.786123959647349 ], [ 110.360212429811412, -7.78610998088348 ], [ 110.360214670412191, -7.786096008816882 ], [ 110.360221130490643, -7.786083411130689 ], [ 110.360231177689087, -7.786073420973994 ], [ 110.360243828517724, -7.786067016252755 ], [ 110.360257844625636, -7.786064823905535 ], [ 110.360271854018919, -7.786067058534555 ], [ 110.360284485360935, -7.786073501398825 ], [ 110.360294502208149, -7.786083521826117 ], [ 110.360300924041724, -7.786096138947374 ], [ 110.360303122247586, -7.786110117711024 ], [ 110.360300881649593, -7.786124089778313 ], [ 110.360294421572704, -7.786136687465842 ], [ 110.360284374374004, -7.786146677624004 ], [ 110.360271723543391, -7.786153082346287 ], [ 110.360257707432538, -7.78615527469372 ], [ 110.360243698036484, -7.786153040064011 ], [ 110.360231066692918, -7.786146597198408 ], [ 110.360221049845947, -7.786136576769648 ], [ 110.360214628014333, -7.786123959647349 ] ] ], [ [ [ 110.360319836597014, -7.786085128423956 ], [ 110.360317638390654, -7.786071149660343 ], [ 110.360319878987681, -7.78605717759286 ], [ 110.360326339062439, -7.786044579904739 ], [ 110.360336386257586, -7.786034589745256 ], [ 110.360349037083694, -7.78602818502064 ], [ 110.360349930301837, -7.786028045306566 ], [ 110.360349581806986, -7.786027360610992 ], [ 110.360347383599773, -7.786013381847437 ], [ 110.360349624195351, -7.785999409779659 ], [ 110.360356084268233, -7.785986812090904 ], [ 110.360366131461248, -7.78597682193052 ], [ 110.360378782285153, -7.785970417204823 ], [ 110.360392798389483, -7.785968224852815 ], [ 110.360406807780677, -7.785970459477183 ], [ 110.360419439122296, -7.785976902337396 ], [ 110.360429455970888, -7.785986922761616 ], [ 110.360435877807433, -7.785999539881098 ], [ 110.360438076017573, -7.786013518644436 ], [ 110.360435835424767, -7.786027490712903 ], [ 110.360429375353448, -7.786040088402995 ], [ 110.360419328160191, -7.786050078564844 ], [ 110.360406677334311, -7.786056483291581 ], [ 110.360405784116111, -7.786056623005774 ], [ 110.360406132611075, -7.78605730770131 ], [ 110.360408330820363, -7.786071286464709 ], [ 110.360406090226107, -7.786085258532878 ], [ 110.360399630152926, -7.786097856222335 ], [ 110.360389582957524, -7.786107846383286 ], [ 110.360376932129455, -7.786114251108943 ], [ 110.360362916020179, -7.786116443460007 ], [ 110.360348906624566, -7.786114208833832 ], [ 110.360336275280218, -7.786107765971315 ], [ 110.360326258431414, -7.786097745544893 ], [ 110.360319836597014, -7.786085128423956 ] ] ], [ [ [ 110.360135569787261, -7.786055778931639 ], [ 110.360129147959327, -7.786043161808308 ], [ 110.36012694975949, -7.786029183044207 ], [ 110.360129190362414, -7.786015210978202 ], [ 110.36013565044189, -7.786002613293372 ], [ 110.360145697640093, -7.785992623138673 ], [ 110.360158348467309, -7.785986218419866 ], [ 110.360172364572705, -7.785984026075285 ], [ 110.360186373962662, -7.78598626070688 ], [ 110.360199005300842, -7.785992703573421 ], [ 110.360209022144105, -7.786002724002449 ], [ 110.360215443973985, -7.786015341124741 ], [ 110.360217642176778, -7.786029319888624 ], [ 110.360215401576639, -7.786043291955319 ], [ 110.360208941498726, -7.786055889641482 ], [ 110.360198894300254, -7.78606587979765 ], [ 110.360186243471063, -7.7860722845175 ], [ 110.360172227362725, -7.786074476862296 ], [ 110.36015821797001, -7.786072242230012 ], [ 110.360145586630267, -7.786065799362138 ], [ 110.360135569787261, -7.786055778931639 ] ] ], [ [ [ 110.360336631984296, -7.785924323141728 ], [ 110.360330210151787, -7.785911706021035 ], [ 110.360328011945526, -7.785897727257407 ], [ 110.36033025254082, -7.785883755189657 ], [ 110.360336712612209, -7.785871157501031 ], [ 110.360346759802653, -7.785861167340866 ], [ 110.360359410623204, -7.785854762615455 ], [ 110.360373426723683, -7.785852570263772 ], [ 110.360387436110912, -7.785854804888473 ], [ 110.360400067448893, -7.785861247748989 ], [ 110.360410084294443, -7.785871268173465 ], [ 110.360416506128914, -7.785883885293116 ], [ 110.36041870433813, -7.785897864056527 ], [ 110.360416463745608, -7.785911836124967 ], [ 110.360410003675796, -7.785924433814925 ], [ 110.360399956485082, -7.78593442397656 ], [ 110.360387305662556, -7.785940828703013 ], [ 110.360373289559149, -7.785943021054909 ], [ 110.360359280169135, -7.785940786429524 ], [ 110.360346648829591, -7.785934343567669 ], [ 110.360336631984296, -7.785924323141728 ] ] ], [ [ [ 110.360222366655705, -7.785910198845504 ], [ 110.360220168453068, -7.7858962200816 ], [ 110.360222409051886, -7.785882248014711 ], [ 110.360228869126317, -7.785869650327989 ], [ 110.360238916319062, -7.785859660170583 ], [ 110.360251567140963, -7.78585325544852 ], [ 110.360265583241642, -7.785851063100442 ], [ 110.360279592627975, -7.785853297728655 ], [ 110.360292223963995, -7.78585974059225 ], [ 110.360302240806746, -7.785869761019057 ], [ 110.360308662637848, -7.785882378140081 ], [ 110.360310860843413, -7.785896356903764 ], [ 110.36030862024738, -7.785910328971344 ], [ 110.360302160174513, -7.785922926659399 ], [ 110.360292112981497, -7.785932916818274 ], [ 110.360279462157649, -7.78593932154138 ], [ 110.360265446054029, -7.785941513889675 ], [ 110.36025143666491, -7.78593927926077 ], [ 110.360238805327327, -7.785932836395846 ], [ 110.360228788484832, -7.785922815967563 ], [ 110.360222366655705, -7.785910198845504 ] ] ], [ [ [ 110.360395766841876, -7.785796179537518 ], [ 110.360393568633697, -7.785782200774023 ], [ 110.36039463439765, -7.78577555479614 ], [ 110.36038931859629, -7.785785921067309 ], [ 110.360379271408718, -7.785795911228745 ], [ 110.360366620590256, -7.785802315954935 ], [ 110.360352604491453, -7.785804508306529 ], [ 110.360338595106143, -7.785802273680825 ], [ 110.360325963770947, -7.785795830818677 ], [ 110.360315946929191, -7.785785810392491 ], [ 110.360309525099112, -7.785773193271622 ], [ 110.360307326893889, -7.785759214507909 ], [ 110.360309567488741, -7.785745242440175 ], [ 110.360316027558255, -7.785732644751663 ], [ 110.360326074745586, -7.785722654591695 ], [ 110.360338725562087, -7.785716249866546 ], [ 110.360352741657948, -7.785714057515169 ], [ 110.360366751040473, -7.785716292140184 ], [ 110.360379382374106, -7.785722735000997 ], [ 110.360389399216118, -7.785732755425717 ], [ 110.360395821048172, -7.785745372545543 ], [ 110.360398019256323, -7.785759351309037 ], [ 110.360396953492497, -7.785765997286946 ], [ 110.360402269293374, -7.785755631015634 ], [ 110.360412316479426, -7.785745640853514 ], [ 110.360424967295529, -7.785739236125745 ], [ 110.360438983391958, -7.785737043771547 ], [ 110.360452992775933, -7.785739278393808 ], [ 110.36046562411174, -7.785745721252209 ], [ 110.36047564095648, -7.78575574167509 ], [ 110.360482062791505, -7.785768358793835 ], [ 110.360484261002611, -7.785782337557109 ], [ 110.360482020413173, -7.785796309626201 ], [ 110.360475560347282, -7.785808907317525 ], [ 110.360465513160989, -7.785818897481115 ], [ 110.360452862342896, -7.78582530220992 ], [ 110.360438846243554, -7.785827494564342 ], [ 110.360424836856794, -7.785825259941388 ], [ 110.36041220551941, -7.785818817081655 ], [ 110.360402188674939, -7.785808796657303 ], [ 110.360395766841876, -7.785796179537518 ] ] ], [ [ [ 110.360334028889497, -7.785615925953336 ], [ 110.360331830683847, -7.785601947189649 ], [ 110.360334071276654, -7.785587975121546 ], [ 110.360340531342658, -7.785575377432315 ], [ 110.360350578525413, -7.78556538727134 ], [ 110.360363229336684, -7.785558982545 ], [ 110.360377245427188, -7.785556790192364 ], [ 110.360391254804767, -7.785559024816171 ], [ 110.360403886134307, -7.785565467675949 ], [ 110.360413902973519, -7.78557548809991 ], [ 110.360420324804323, -7.785588105219317 ], [ 110.360422523012915, -7.785602083982791 ], [ 110.360420282422893, -7.78561605605158 ], [ 110.360413822358439, -7.785628653742148 ], [ 110.360403775175442, -7.78563864390459 ], [ 110.360391124362209, -7.785645048631973 ], [ 110.360377108268764, -7.785647240984827 ], [ 110.360363098888413, -7.785645006360331 ], [ 110.360350467557296, -7.785638563499215 ], [ 110.36034045071834, -7.785628543073788 ], [ 110.360334028889497, -7.785615925953336 ] ] ], [ [ [ 110.360529541594971, -7.785587986721551 ], [ 110.360527343382827, -7.785574007958344 ], [ 110.360529583969011, -7.785560035888653 ], [ 110.360536044028933, -7.785547438195917 ], [ 110.3605460912067, -7.785537448029867 ], [ 110.360558742014604, -7.785531043297375 ], [ 110.360572758103686, -7.785528850938117 ], [ 110.360586767481905, -7.785531085555475 ], [ 110.360599398814117, -7.785537528409613 ], [ 110.360609415657734, -7.785547548829292 ], [ 110.360615837494279, -7.785560165946197 ], [ 110.360618035709365, -7.785574144709185 ], [ 110.360615795125952, -7.78558811677957 ], [ 110.360609335067593, -7.785600714473637 ], [ 110.360599287889571, -7.785610704641157 ], [ 110.360586637079692, -7.785617109374688 ], [ 110.360572620987682, -7.785619301734165 ], [ 110.360558611606677, -7.785617067116115 ], [ 110.360545980272903, -7.785610624260646 ], [ 110.360535963429541, -7.785600603839499 ], [ 110.360529541594971, -7.785587986721551 ] ] ], [ [ [ 110.360401291156222, -7.785511664989127 ], [ 110.360394869326981, -7.785499047869522 ], [ 110.36039267111957, -7.785485069105959 ], [ 110.360394911709449, -7.785471097037245 ], [ 110.360401371771658, -7.785458499346722 ], [ 110.360411418950065, -7.78544850918391 ], [ 110.360424069756903, -7.785442104455362 ], [ 110.360438085843327, -7.78543991210036 ], [ 110.360452095217568, -7.78544214672188 ], [ 110.360464726544819, -7.785448589579673 ], [ 110.360474743383051, -7.785458610002141 ], [ 110.360481165214253, -7.785471227120702 ], [ 110.360483363424592, -7.78548520588405 ], [ 110.360481122837513, -7.785499177953452 ], [ 110.360474662776866, -7.785511775645308 ], [ 110.360464615598204, -7.785521765809591 ], [ 110.360451964789391, -7.785528170539181 ], [ 110.360437948700024, -7.7855303628944 ], [ 110.360423939323027, -7.785528128272189 ], [ 110.360411307994184, -7.785521685413064 ], [ 110.360401291156222, -7.785511664989127 ] ] ], [ [ [ 110.360624216137225, -7.785383768344796 ], [ 110.360622017922424, -7.785369789581777 ], [ 110.360624258503876, -7.785355817511109 ], [ 110.360630718557474, -7.785343219816328 ], [ 110.360640765727922, -7.785333229647365 ], [ 110.360653416528237, -7.785326824911373 ], [ 110.3606674326102, -7.78532463254837 ], [ 110.360681441982493, -7.785326867162115 ], [ 110.360694073310512, -7.785333310013113 ], [ 110.360704090152112, -7.78534333043044 ], [ 110.360710511988984, -7.785355947546011 ], [ 110.360712710206741, -7.785369926308812 ], [ 110.360710469628074, -7.785383898380168 ], [ 110.360704009576025, -7.785396496076287 ], [ 110.360693962405321, -7.785406486246718 ], [ 110.360681311603045, -7.785412890983751 ], [ 110.360667295518127, -7.785415083346971 ], [ 110.360653286143076, -7.785412848732535 ], [ 110.36064065481348, -7.785406405880202 ], [ 110.36063063797215, -7.785396385461413 ], [ 110.360624216137225, -7.785383768344796 ] ] ], [ [ [ 110.360911623423149, -7.785206730050397 ], [ 110.360910772795052, -7.785201320807364 ], [ 110.360898456574745, -7.785195038689435 ], [ 110.360893378937618, -7.785189959242963 ], [ 110.360890598212407, -7.785191367046667 ], [ 110.360876582135475, -7.785193559417515 ], [ 110.36086257276601, -7.785191324810478 ], [ 110.360849941439071, -7.785184881964593 ], [ 110.360839924597187, -7.785174861550661 ], [ 110.360833502758595, -7.785162244436852 ], [ 110.3608313045373, -7.785148265674306 ], [ 110.36083354511014, -7.78513429360173 ], [ 110.360840005153804, -7.785121695902846 ], [ 110.360844363487942, -7.785117362288341 ], [ 110.360835980217317, -7.785108976026892 ], [ 110.360829558379692, -7.785096358913079 ], [ 110.360827360158709, -7.785082380150505 ], [ 110.360829600731137, -7.785068408077885 ], [ 110.36083606077375, -7.785055810378954 ], [ 110.360846107932346, -7.785045820204037 ], [ 110.360858758721051, -7.785039415460883 ], [ 110.360872774792853, -7.785037223090201 ], [ 110.360886784157344, -7.785039457696504 ], [ 110.360894767766524, -7.785043529886882 ], [ 110.360899452495602, -7.785034394214527 ], [ 110.360909499652266, -7.785024404037938 ], [ 110.360922150439507, -7.785017999292756 ], [ 110.360936166510413, -7.785015806919893 ], [ 110.36095017587472, -7.785018041524074 ], [ 110.360953219944378, -7.78501959420871 ], [ 110.360951494317987, -7.785008620754381 ], [ 110.360953734885783, -7.784994648680694 ], [ 110.360960194923521, -7.784982050979433 ], [ 110.360970242077514, -7.784972060801162 ], [ 110.360982892862339, -7.784965656053947 ], [ 110.360996908931341, -7.784963463678906 ], [ 110.361007169639919, -7.784965100341547 ], [ 110.361007403723306, -7.784964643856044 ], [ 110.361017450875821, -7.784954653676522 ], [ 110.361030101659509, -7.784948248927795 ], [ 110.361044117727786, -7.784946056551124 ], [ 110.361058127090686, -7.784948291151603 ], [ 110.361070758414513, -7.784954733991044 ], [ 110.36108077525752, -7.784964754399645 ], [ 110.361087197101298, -7.784977371510183 ], [ 110.361089395330737, -7.784991350272129 ], [ 110.361087154767404, -7.785005322346901 ], [ 110.361086135055288, -7.785007310885994 ], [ 110.361095781314575, -7.785008849537059 ], [ 110.361108412640817, -7.785015292375556 ], [ 110.361118429486112, -7.785025312783428 ], [ 110.361124851331837, -7.785037929893525 ], [ 110.361127049562697, -7.785051908655363 ], [ 110.361124809000117, -7.785065880730371 ], [ 110.361118348965604, -7.785078478434387 ], [ 110.361113990634465, -7.785082812051977 ], [ 110.361121027880046, -7.78508985179932 ], [ 110.361127449726681, -7.785102468909422 ], [ 110.361129647957782, -7.785116447671244 ], [ 110.36112827092785, -7.785125034783281 ], [ 110.361133134130199, -7.785120199157539 ], [ 110.361145784917568, -7.785113794405673 ], [ 110.361159800991146, -7.785111602025589 ], [ 110.36117381036037, -7.785113836622728 ], [ 110.361186441691004, -7.785120279459218 ], [ 110.36119645854059, -7.785130299865551 ], [ 110.361202880390096, -7.785142916974721 ], [ 110.361205078623826, -7.785156895736346 ], [ 110.361202838062965, -7.785170867811858 ], [ 110.361196378028808, -7.785183465517059 ], [ 110.361186330874304, -7.785193455700615 ], [ 110.361173680084946, -7.785199860453526 ], [ 110.361169492865898, -7.785200515414086 ], [ 110.361178225016573, -7.785204969403401 ], [ 110.361188241867808, -7.78521498981004 ], [ 110.361194663718138, -7.785227606919372 ], [ 110.361196861951811, -7.785241585680993 ], [ 110.361194621389984, -7.785255557756347 ], [ 110.361192168677945, -7.785260340785999 ], [ 110.361197010407366, -7.785262810395934 ], [ 110.361207027260335, -7.785272830802247 ], [ 110.361213449111986, -7.785285447911373 ], [ 110.361215647346441, -7.785299426672939 ], [ 110.361213406784785, -7.78531339874838 ], [ 110.361206946748396, -7.785325996453508 ], [ 110.361196899590439, -7.785335986636993 ], [ 110.361184248796775, -7.785342391389841 ], [ 110.361170232715494, -7.785344583770095 ], [ 110.361156223338725, -7.785342349172243 ], [ 110.36114359200225, -7.785335906334417 ], [ 110.361133575149537, -7.785325885926639 ], [ 110.361127153299861, -7.785313268816469 ], [ 110.361124955068348, -7.785299290054687 ], [ 110.36112719563279, -7.785285317979932 ], [ 110.36112964834571, -7.785280534950735 ], [ 110.361124806616544, -7.785278065340047 ], [ 110.361114789765566, -7.785268044931947 ], [ 110.361108367917225, -7.785255427821573 ], [ 110.361106169686479, -7.785241449059733 ], [ 110.361106299618456, -7.785240638808939 ], [ 110.361102373717216, -7.785238636332264 ], [ 110.361101623071605, -7.785243317328811 ], [ 110.361095163033269, -7.785255915032092 ], [ 110.361085115874687, -7.785265905212881 ], [ 110.36107246508179, -7.785272309962449 ], [ 110.361058449002599, -7.785274502339158 ], [ 110.361044439629012, -7.785272267737843 ], [ 110.361041063863794, -7.785270545867449 ], [ 110.361040917277222, -7.785271459974682 ], [ 110.361034457236642, -7.785284057676843 ], [ 110.361024410076013, -7.78529404785601 ], [ 110.361011759281467, -7.785300452603614 ], [ 110.360997743201153, -7.78530264497821 ], [ 110.36098373382714, -7.785300410374844 ], [ 110.360971102494929, -7.785293967532183 ], [ 110.36096108564756, -7.785283947120726 ], [ 110.360954663803795, -7.785271330008384 ], [ 110.36095246557818, -7.785257351246165 ], [ 110.360954706147922, -7.785243379172739 ], [ 110.360957680300999, -7.785237579289503 ], [ 110.360954702810773, -7.785238045023891 ], [ 110.360940693439204, -7.785235810419292 ], [ 110.360928062109622, -7.785229367575537 ], [ 110.360918045264754, -7.78521934716324 ], [ 110.360911623423149, -7.785206730050397 ] ] ], [ [ [ 110.360721649878982, -7.785137875180581 ], [ 110.36071945166151, -7.785123896417748 ], [ 110.360721692237803, -7.78510992434604 ], [ 110.360728152284238, -7.785097326649086 ], [ 110.360738199446246, -7.785087336477032 ], [ 110.360750850237636, -7.785080931737343 ], [ 110.360764866311087, -7.785078739370393 ], [ 110.360778875676075, -7.785080973980321 ], [ 110.36079150699878, -7.785087416828016 ], [ 110.360801523837509, -7.785097437242869 ], [ 110.360807945674281, -7.785110054357042 ], [ 110.360810143894682, -7.785124033119656 ], [ 110.360807903321174, -7.785138005192056 ], [ 110.360801443276301, -7.785150602890344 ], [ 110.360791396114038, -7.785160593063862 ], [ 110.360778745320673, -7.785166997804595 ], [ 110.360764729244295, -7.785169190171764 ], [ 110.360750719876506, -7.785166955561146 ], [ 110.360738088552253, -7.785160512712118 ], [ 110.360728071713766, -7.785150492295798 ], [ 110.360721649878982, -7.785137875180581 ] ] ], [ [ [ 110.360806791306459, -7.78479970135616 ], [ 110.360800369473694, -7.78478708424217 ], [ 110.360798171254473, -7.784773105479454 ], [ 110.360800411825366, -7.784759133406733 ], [ 110.360806871863332, -7.784746535707748 ], [ 110.360816919014582, -7.784736545532839 ], [ 110.360829569794021, -7.784730140789747 ], [ 110.360843585855463, -7.784727948419175 ], [ 110.360857595209595, -7.78473018302563 ], [ 110.360870226523616, -7.784736625870329 ], [ 110.360880243356718, -7.784746646282962 ], [ 110.360886665191458, -7.78475926339591 ], [ 110.360888863413635, -7.784773242158408 ], [ 110.360886622845499, -7.784787214231819 ], [ 110.36088016280911, -7.784799811932137 ], [ 110.36087011565759, -7.784809802108513 ], [ 110.36085746487619, -7.78481620685265 ], [ 110.360843448811806, -7.784818399223435 ], [ 110.360829439454889, -7.784816164616293 ], [ 110.360816808139319, -7.784809721770258 ], [ 110.360806791306459, -7.78479970135616 ] ] ], [ [ [ 110.360787340053335, -7.784489262013571 ], [ 110.360785141835294, -7.784475283250754 ], [ 110.36078738240424, -7.784461311177816 ], [ 110.360793842437289, -7.784448713478514 ], [ 110.360803889581163, -7.784438723303224 ], [ 110.36081654035145, -7.78443231855972 ], [ 110.360830556402902, -7.784430126188756 ], [ 110.360844565747172, -7.784432360794858 ], [ 110.360857197052425, -7.7844388036393 ], [ 110.360867213878691, -7.784448824051781 ], [ 110.360873635709211, -7.784461441164698 ], [ 110.360875833930194, -7.784475419927299 ], [ 110.360873593364033, -7.784489392000927 ], [ 110.360867133332547, -7.784501989701561 ], [ 110.360857086188417, -7.784511979878321 ], [ 110.360844435416155, -7.784518384622864 ], [ 110.360830419361761, -7.78452057699405 ], [ 110.360816410014721, -7.784518342387252 ], [ 110.360803778707918, -7.78451189954148 ], [ 110.36079376188188, -7.78450187912753 ], [ 110.360787340053335, -7.784489262013571 ] ] ], [ [ [ 110.360182153819267, -7.784425831109029 ], [ 110.360179955621703, -7.784411852344689 ], [ 110.360182196209919, -7.784397880276509 ], [ 110.360188656259169, -7.784385282587776 ], [ 110.360198703414568, -7.784375292427836 ], [ 110.360211354190596, -7.784368887702958 ], [ 110.360225370241423, -7.784366695352072 ], [ 110.360239379578772, -7.784368929977743 ], [ 110.360252010871491, -7.784375372839325 ], [ 110.360262027680832, -7.784385393264837 ], [ 110.360268449491699, -7.784398010385409 ], [ 110.360270647692218, -7.784411989149533 ], [ 110.360268407106773, -7.784425961218405 ], [ 110.360261947059087, -7.784438558908469 ], [ 110.360251899903432, -7.784448549069883 ], [ 110.360239249125442, -7.784454953795796 ], [ 110.36022523307166, -7.784457146146903 ], [ 110.36021122373154, -7.784454911520539 ], [ 110.360198592437257, -7.784448468657631 ], [ 110.360188575628172, -7.784438448230645 ], [ 110.360182153819267, -7.784425831109029 ] ] ], [ [ [ 110.360719091992962, -7.784404291695438 ], [ 110.36071267016797, -7.784391674580588 ], [ 110.360710471952672, -7.784377695817563 ], [ 110.360712712523295, -7.784363723745115 ], [ 110.360719172556728, -7.784351126046953 ], [ 110.360729219699721, -7.784341135873339 ], [ 110.360741870467919, -7.784334731131891 ], [ 110.360755886516287, -7.78433253876315 ], [ 110.360769895856748, -7.784334773371437 ], [ 110.36078252715788, -7.784341216217798 ], [ 110.360792543980111, -7.784351236631757 ], [ 110.360798965807064, -7.784363853745567 ], [ 110.360801164025276, -7.784377832508374 ], [ 110.360798923457452, -7.784391804581512 ], [ 110.360792463425582, -7.784404402281007 ], [ 110.360782416282333, -7.784414392456087 ], [ 110.36076976551216, -7.78442079719858 ], [ 110.360755749460864, -7.784422989567537 ], [ 110.360741740117618, -7.78442075495856 ], [ 110.360729108814937, -7.784414312110862 ], [ 110.360719091992962, -7.784404291695438 ] ] ], [ [ [ 110.360636612593083, -7.784320201734902 ], [ 110.360633904477467, -7.784320625333462 ], [ 110.360619895138555, -7.784318390720776 ], [ 110.360607263840961, -7.78431194786982 ], [ 110.360597247024344, -7.784301927451902 ], [ 110.360590825204469, -7.784289310335572 ], [ 110.360588626993518, -7.784275331572218 ], [ 110.360590867567296, -7.784261359500631 ], [ 110.360597327602392, -7.784248761804429 ], [ 110.360607374745413, -7.784238771633694 ], [ 110.360620025511949, -7.784232366895748 ], [ 110.360634041557191, -7.784230174530798 ], [ 110.360648050893332, -7.784232409142795 ], [ 110.360660682189362, -7.784238851992416 ], [ 110.360670699006221, -7.784248872408869 ], [ 110.360674432776207, -7.784256208240992 ], [ 110.360677140891383, -7.784255784642133 ], [ 110.360691150228718, -7.784258019252789 ], [ 110.36070378152624, -7.784264462101237 ], [ 110.360713798344776, -7.784274482516789 ], [ 110.36072022016829, -7.784287099631546 ], [ 110.360722418383688, -7.78430107839457 ], [ 110.360720177813903, -7.784315050467164 ], [ 110.360713717781124, -7.784327648165412 ], [ 110.360703670638145, -7.784337638338661 ], [ 110.360691019869364, -7.784344043078914 ], [ 110.360677003820456, -7.784346235445451 ], [ 110.36066299448035, -7.784344000834106 ], [ 110.360650363181264, -7.784337557984323 ], [ 110.360640346362985, -7.784327537567304 ], [ 110.360636612593083, -7.784320201734902 ] ] ], [ [ [ 110.360649974339992, -7.784201170847136 ], [ 110.360643552519761, -7.784188553731543 ], [ 110.360641354307305, -7.784174574968296 ], [ 110.360643594878539, -7.784160602896179 ], [ 110.360650054910352, -7.784148005198865 ], [ 110.360660102049607, -7.784138015026536 ], [ 110.360667763744317, -7.784134136117288 ], [ 110.360659524885008, -7.784125894295338 ], [ 110.360653103065445, -7.784113277179914 ], [ 110.360650904852847, -7.784099298416672 ], [ 110.360653145423171, -7.784085326344397 ], [ 110.360659605453378, -7.784072728646777 ], [ 110.360669652590488, -7.784062738474023 ], [ 110.360682303350757, -7.784056333733662 ], [ 110.360696319389902, -7.784054141366133 ], [ 110.360710328720771, -7.784056375975643 ], [ 110.360722960012851, -7.784062818823114 ], [ 110.360732806042407, -7.784072668391515 ], [ 110.360733751997699, -7.784070823684303 ], [ 110.360743799133161, -7.784060833509646 ], [ 110.360756449892421, -7.784054428766975 ], [ 110.360770465931324, -7.784052236396963 ], [ 110.360784475262719, -7.784054471004048 ], [ 110.360797106556049, -7.784060913849398 ], [ 110.360807123372552, -7.784070934262633 ], [ 110.360813545196379, -7.784083551376072 ], [ 110.360815743414392, -7.78409753013891 ], [ 110.360813502849282, -7.784111502212469 ], [ 110.360807042822785, -7.784124099912735 ], [ 110.360796995687082, -7.784134090088862 ], [ 110.360784344925847, -7.784140494832573 ], [ 110.360770328884016, -7.784142687202802 ], [ 110.360756319549836, -7.784140452595026 ], [ 110.360743688254956, -7.784134009748345 ], [ 110.36073384222378, -7.784124160180083 ], [ 110.360732896268345, -7.784126004887286 ], [ 110.360722849130994, -7.784135995061505 ], [ 110.360715187436668, -7.784139873971785 ], [ 110.360723426297398, -7.784148115792761 ], [ 110.360729848119618, -7.784160732907315 ], [ 110.360732046335002, -7.784174711670343 ], [ 110.360729805766553, -7.78418868374315 ], [ 110.36072334573629, -7.784201281441799 ], [ 110.360713298596778, -7.784211271615596 ], [ 110.360700647832076, -7.784217676356494 ], [ 110.360686631787445, -7.784219868723711 ], [ 110.360672622451403, -7.784217634113004 ], [ 110.360659991155757, -7.784211191263767 ], [ 110.360649974339992, -7.784201170847136 ] ] ], [ [ [ 110.360801775328056, -7.783661590416555 ], [ 110.360795353509999, -7.783648973303237 ], [ 110.360793155293791, -7.783634994540248 ], [ 110.360795395855732, -7.783621022466331 ], [ 110.360801855873632, -7.783608424765347 ], [ 110.360811902995707, -7.783598434587836 ], [ 110.360824553739647, -7.783592029841791 ], [ 110.360838569762819, -7.783589837468201 ], [ 110.360852579079605, -7.783592072071873 ], [ 110.36086521036087, -7.78359851491429 ], [ 110.360875227169032, -7.783608535325373 ], [ 110.360881648989064, -7.783621152437645 ], [ 110.360883847208214, -7.783635131200423 ], [ 110.360881606649045, -7.783649103275025 ], [ 110.360875146632694, -7.783661700977341 ], [ 110.360865099510391, -7.783671691156319 ], [ 110.360852448764462, -7.783678095903412 ], [ 110.360838432738362, -7.783680288277218 ], [ 110.360824423418791, -7.783678053672858 ], [ 110.360811792135962, -7.783671610829104 ], [ 110.360801775328056, -7.783661590416555 ] ] ], [ [ [ 110.360795514423884, -7.783542759523844 ], [ 110.360793316207932, -7.783528780760829 ], [ 110.360795556769034, -7.783514808686798 ], [ 110.360802016785044, -7.783502210985617 ], [ 110.360812063904362, -7.783492220807845 ], [ 110.360824714645005, -7.7834858160615 ], [ 110.360838730664582, -7.783483623687613 ], [ 110.360852739977901, -7.783485858290999 ], [ 110.360865371256125, -7.783492301133188 ], [ 110.36087538806197, -7.783502321544115 ], [ 110.360881809880652, -7.783514938656316 ], [ 110.360884008099532, -7.783528917419114 ], [ 110.36088176754123, -7.783542889493835 ], [ 110.360875307526783, -7.783555487196348 ], [ 110.360865260407195, -7.783565477375588 ], [ 110.36085260966459, -7.783571882122972 ], [ 110.360838593642072, -7.783574074497083 ], [ 110.360824584325982, -7.783571839893003 ], [ 110.360811953046195, -7.783565397049479 ], [ 110.360801936240605, -7.783555376637088 ], [ 110.360795514423884, -7.783542759523844 ] ] ], [ [ [ 110.361225020653336, -7.787896164648441 ], [ 110.36122282241206, -7.787882185887502 ], [ 110.361225062993995, -7.787868213814767 ], [ 110.361226292221303, -7.787865816718311 ], [ 110.361224215294087, -7.787852609401321 ], [ 110.361226455875737, -7.787838637328544 ], [ 110.36123291595618, -7.787826039627674 ], [ 110.361239974541093, -7.787819021117786 ], [ 110.361239667446227, -7.787818713915638 ], [ 110.361233245561365, -7.787806096805209 ], [ 110.361231047320032, -7.78779211804427 ], [ 110.361233287900987, -7.787778145971375 ], [ 110.36123974798015, -7.787765548270271 ], [ 110.36124979519974, -7.787755558091519 ], [ 110.361262446067954, -7.787749153343227 ], [ 110.361276462229938, -7.787746960966613 ], [ 110.361290471686502, -7.787749195566768 ], [ 110.361302617914362, -7.787755390931983 ], [ 110.361306420473554, -7.787751609959817 ], [ 110.36131907134093, -7.787745205209758 ], [ 110.361333087502629, -7.787743012831235 ], [ 110.361347096959534, -7.787745247429535 ], [ 110.361359728368768, -7.787751690266674 ], [ 110.361369745280214, -7.787761710673081 ], [ 110.361376167168757, -7.787774327781745 ], [ 110.361378365414922, -7.787788306542328 ], [ 110.361376124838642, -7.787802278616369 ], [ 110.361369664762734, -7.78781487631981 ], [ 110.36135961754421, -7.787824866501494 ], [ 110.361346966674873, -7.7878312712526 ], [ 110.361332950510231, -7.787833463631338 ], [ 110.361318941050556, -7.787831229032349 ], [ 110.361306794820322, -7.787825033667425 ], [ 110.361305980896475, -7.787825842970496 ], [ 110.361306287991397, -7.787826150172612 ], [ 110.361312709878774, -7.787838767282128 ], [ 110.361314908122978, -7.787852746042851 ], [ 110.361312667544112, -7.787866718116317 ], [ 110.361311438317259, -7.787869115213065 ], [ 110.361313515247275, -7.787882322529846 ], [ 110.36131127466814, -7.787896294603266 ], [ 110.361304814588692, -7.787908892305393 ], [ 110.361294767366346, -7.787918882485187 ], [ 110.361282116493243, -7.787925287234024 ], [ 110.361268100325276, -7.787927479610325 ], [ 110.361254090863028, -7.78792524500898 ], [ 110.361241459450682, -7.787918802168451 ], [ 110.361231442539093, -7.787908781759034 ], [ 110.361225020653336, -7.787896164648441 ] ] ], [ [ [ 110.361103164621213, -7.78735549961508 ], [ 110.361100966385379, -7.787341520853711 ], [ 110.361103206966959, -7.787327548781362 ], [ 110.361109667041859, -7.787314951081737 ], [ 110.361119714252681, -7.787304960905232 ], [ 110.361132365108475, -7.787298556159753 ], [ 110.361146381255608, -7.787296363786233 ], [ 110.361160390696355, -7.787298598389464 ], [ 110.361173022089474, -7.787305041230988 ], [ 110.361183038986368, -7.787315061640796 ], [ 110.361189460863386, -7.787327678751544 ], [ 110.361191659102175, -7.7873416575127 ], [ 110.361189418523352, -7.787355629585735 ], [ 110.36118295845003, -7.7873682272867 ], [ 110.361172911238953, -7.78737821746467 ], [ 110.361160260381183, -7.787384622211193 ], [ 110.361146244231108, -7.787386814584928 ], [ 110.361132234787576, -7.787384579981007 ], [ 110.361119603392908, -7.78737813713815 ], [ 110.361109586496255, -7.787368116726875 ], [ 110.361103164621213, -7.78735549961508 ] ] ], [ [ [ 110.360940094527265, -7.787324330781789 ], [ 110.360937896296988, -7.787310352020006 ], [ 110.360940136883656, -7.787296379948923 ], [ 110.360946596962663, -7.787283782252119 ], [ 110.360956644176227, -7.787273792079716 ], [ 110.360969295033129, -7.787267387339218 ], [ 110.360983311179623, -7.787265194971073 ], [ 110.360996113981003, -7.787267237112082 ], [ 110.360995930700739, -7.787266071615883 ], [ 110.360998171285161, -7.787252099544291 ], [ 110.361004631361709, -7.78723950184638 ], [ 110.361014678572872, -7.787229511672386 ], [ 110.361027329427657, -7.787223106929964 ], [ 110.361041345572517, -7.787220914559753 ], [ 110.361055355009967, -7.787223149166214 ], [ 110.361067986399036, -7.787229592010573 ], [ 110.36107800329161, -7.787239612422552 ], [ 110.361084425164378, -7.787252229534593 ], [ 110.361086623399444, -7.78726620829602 ], [ 110.361084382817793, -7.787280180368304 ], [ 110.361077922742808, -7.787292778067549 ], [ 110.36106787553139, -7.787302768243011 ], [ 110.361055224674644, -7.787309172986475 ], [ 110.361041208526842, -7.787311365356907 ], [ 110.3610284057238, -7.787309323217137 ], [ 110.361028589004178, -7.787310488713328 ], [ 110.361026348420282, -7.7873244607851 ], [ 110.361019888342838, -7.78733705848324 ], [ 110.361009841129018, -7.787347048657106 ], [ 110.360997190270155, -7.787353453398648 ], [ 110.360983174120719, -7.787355645767009 ], [ 110.360969164679503, -7.787353411157852 ], [ 110.360956533288615, -7.787346968310405 ], [ 110.360946516396837, -7.787336947895638 ], [ 110.360940094527265, -7.787324330781789 ] ] ], [ [ [ 110.360980628363919, -7.787045184158531 ], [ 110.360972858101988, -7.787046399563121 ], [ 110.36095884867099, -7.787044164954425 ], [ 110.360946217289182, -7.787037722107343 ], [ 110.360936200404396, -7.787027701692799 ], [ 110.360929778539116, -7.78701508457902 ], [ 110.360927580309962, -7.78700110581714 ], [ 110.360929820894484, -7.786987133745805 ], [ 110.360936280968303, -7.786974536048613 ], [ 110.360946328174123, -7.786964545875735 ], [ 110.36095897902149, -7.786958141134714 ], [ 110.36097299515761, -7.786955948766046 ], [ 110.360987004585809, -7.786958183374051 ], [ 110.360999635966081, -7.786964626219799 ], [ 110.361009652851095, -7.786974646632875 ], [ 110.361009684814931, -7.786974709432579 ], [ 110.361017455075469, -7.786973494027198 ], [ 110.36103146450462, -7.786975728633795 ], [ 110.361044095886172, -7.786982171478313 ], [ 110.36105411277272, -7.786992191890448 ], [ 110.361060534641595, -7.787004809002631 ], [ 110.361062732875226, -7.787018787764181 ], [ 110.361060492294783, -7.78703275983654 ], [ 110.361054032223493, -7.787045357535816 ], [ 110.361043985017943, -7.787055347711258 ], [ 110.361031334168615, -7.787061752454659 ], [ 110.361017318029084, -7.787063944824982 ], [ 110.361003308597162, -7.787061710217691 ], [ 110.360990677214048, -7.787055267371841 ], [ 110.360980660327755, -7.787045246958236 ], [ 110.360980628363919, -7.787045184158531 ] ] ], [ [ [ 110.361169523948533, -7.786957468048994 ], [ 110.361163102076873, -7.786944850938228 ], [ 110.361160903840059, -7.786930872176915 ], [ 110.361163144416395, -7.786916900103644 ], [ 110.361169604482271, -7.786904302402204 ], [ 110.361179651681212, -7.786894312223181 ], [ 110.36119230252342, -7.786887907474714 ], [ 110.361206318656585, -7.786885715098042 ], [ 110.361220328084343, -7.786887949698252 ], [ 110.361232959466733, -7.786894392537191 ], [ 110.361242976356209, -7.786904412945099 ], [ 110.361249398229845, -7.786917030054824 ], [ 110.3612515964696, -7.786931008815918 ], [ 110.361249355896035, -7.786944980889881 ], [ 110.361242895831722, -7.786957578592654 ], [ 110.361232848632525, -7.786967568773146 ], [ 110.361220197788356, -7.786973973522653 ], [ 110.36120618165225, -7.786976165899544 ], [ 110.361192172221706, -7.786973931298642 ], [ 110.361179540837767, -7.78696748845837 ], [ 110.361169523948533, -7.786957468048994 ] ] ], [ [ [ 110.361043166381947, -7.786916436107621 ], [ 110.361040968149226, -7.786902457346004 ], [ 110.361043208729271, -7.786888485273658 ], [ 110.361049668798074, -7.786875887574283 ], [ 110.361059715998891, -7.786865897398262 ], [ 110.361072366841739, -7.786859492653449 ], [ 110.361086382974236, -7.786857300280707 ], [ 110.361100392400118, -7.786859534884761 ], [ 110.361113023779566, -7.786865977727061 ], [ 110.361123040665348, -7.786875998137532 ], [ 110.361129462534876, -7.786888615248765 ], [ 110.361131660770539, -7.786902594010165 ], [ 110.361129420193279, -7.786916566083201 ], [ 110.361122960126025, -7.78692916378391 ], [ 110.361112912924966, -7.786939153961394 ], [ 110.361100262080157, -7.786945558707255 ], [ 110.361086245944691, -7.786947751080212 ], [ 110.361072236516037, -7.78694551647547 ], [ 110.36105960513504, -7.786939073631832 ], [ 110.361049588249514, -7.786929053219895 ], [ 110.361043166381947, -7.786916436107621 ] ] ], [ [ [ 110.361055567907812, -7.78673898328419 ], [ 110.361053369675133, -7.786725004522562 ], [ 110.361055610253331, -7.786711032449923 ], [ 110.361062070318638, -7.786698434750004 ], [ 110.36107211751461, -7.786688444573243 ], [ 110.361084768351745, -7.786682039827555 ], [ 110.361098784478258, -7.786679847453905 ], [ 110.361112793898414, -7.786682082057093 ], [ 110.361125425272988, -7.786688524898663 ], [ 110.361135442155216, -7.786698545308604 ], [ 110.361141864022869, -7.786711162419566 ], [ 110.361144062258489, -7.786725141180978 ], [ 110.361141821683063, -7.786739113254304 ], [ 110.361135361619318, -7.786751710955556 ], [ 110.361125314423091, -7.786761701133788 ], [ 110.361112663583981, -7.786768105880514 ], [ 110.36109864745454, -7.786770298254382 ], [ 110.361084638031599, -7.786768063650505 ], [ 110.361072006655476, -7.786761620807602 ], [ 110.361061989773489, -7.786751600396194 ], [ 110.361055567907812, -7.78673898328419 ] ] ], [ [ [ 110.360946065761723, -7.786744703286143 ], [ 110.360939643899755, -7.786732086172671 ], [ 110.36093744567097, -7.786718107410753 ], [ 110.36093968625292, -7.78670413533903 ], [ 110.36094614632141, -7.786691537641148 ], [ 110.360956193519741, -7.786681547467336 ], [ 110.36096884435814, -7.786675142725233 ], [ 110.360982860484697, -7.786672950355447 ], [ 110.360996869903715, -7.786675184962397 ], [ 110.36100950127603, -7.786681627807262 ], [ 110.361019518155132, -7.786691648219708 ], [ 110.361025940019076, -7.786704265332137 ], [ 110.361028138250802, -7.786718244093842 ], [ 110.361025897671638, -7.786732216166253 ], [ 110.361019437604696, -7.786744813865471 ], [ 110.36100939040611, -7.786754804040748 ], [ 110.360996739565735, -7.786761208783891 ], [ 110.360982723436237, -7.786763401153898 ], [ 110.360968714014447, -7.78676116654626 ], [ 110.360956082640584, -7.786754723700057 ], [ 110.360946065761723, -7.786744703286143 ] ] ], [ [ [ 110.361086791499275, -7.786595170849589 ], [ 110.361084593265886, -7.786581192088002 ], [ 110.361086833841924, -7.786567220014962 ], [ 110.361093293903792, -7.786554622314228 ], [ 110.361103341095387, -7.786544632136324 ], [ 110.361115991927633, -7.786538227389272 ], [ 110.361130008049216, -7.786536035014175 ], [ 110.361144017464909, -7.786538269615971 ], [ 110.361156648835902, -7.786544712456344 ], [ 110.3611666657158, -7.786554732865398 ], [ 110.361173087582571, -7.786567349975868 ], [ 110.361175285818902, -7.786581328737235 ], [ 110.361173045245636, -7.786595300810966 ], [ 110.361166585185345, -7.786607898513032 ], [ 110.361156537993509, -7.786617888692409 ], [ 110.361143887159272, -7.786624293440499 ], [ 110.361129871034763, -7.786626485815818 ], [ 110.361115861616284, -7.786624251213329 ], [ 110.361103230243728, -7.786617808371625 ], [ 110.361093213364086, -7.7866077879611 ], [ 110.361086791499275, -7.786595170849589 ] ] ], [ [ [ 110.360960093142808, -7.786581535105709 ], [ 110.36095789491371, -7.786567556343805 ], [ 110.360960135493784, -7.786553584271759 ], [ 110.36096659555902, -7.78654098657324 ], [ 110.36097664275303, -7.786530996398547 ], [ 110.360989293586471, -7.786524591655398 ], [ 110.361003309707911, -7.786522399284501 ], [ 110.361017319122141, -7.786524633890395 ], [ 110.361029950490504, -7.786531076734357 ], [ 110.36103996736685, -7.78654109714614 ], [ 110.361046389229514, -7.786553714258212 ], [ 110.361048587461525, -7.786567693019899 ], [ 110.361046346884251, -7.786581665092633 ], [ 110.361039886820564, -7.786594262792487 ], [ 110.361029839626312, -7.786604252968654 ], [ 110.361017188790896, -7.786610657712845 ], [ 110.361003172666528, -7.786612850083956 ], [ 110.360989163249499, -7.786610615477374 ], [ 110.360976531879587, -7.786604172632081 ], [ 110.360966515003497, -7.786594152218826 ], [ 110.360960093142808, -7.786581535105709 ] ] ], [ [ [ 110.361136669361088, -7.786398114372896 ], [ 110.361130247497613, -7.786385497262073 ], [ 110.3611280492633, -7.786371518500546 ], [ 110.361130289836225, -7.78635754642693 ], [ 110.361136749893106, -7.786344948725047 ], [ 110.361146797078376, -7.786334958545525 ], [ 110.361159447903518, -7.78632855379655 ], [ 110.361173464017924, -7.786326361419412 ], [ 110.361187473427094, -7.786328596019247 ], [ 110.361200104792843, -7.786335038857933 ], [ 110.361210121669288, -7.78634505926574 ], [ 110.361216543534738, -7.786357676375521 ], [ 110.361218741771978, -7.786371655136827 ], [ 110.361216501201824, -7.786385627211134 ], [ 110.361210041146492, -7.78639822491435 ], [ 110.361199993960994, -7.786408215095341 ], [ 110.361187343133878, -7.786414619845357 ], [ 110.36117332701653, -7.786416812222717 ], [ 110.361159317604574, -7.78641457762219 ], [ 110.361146686237277, -7.786408134782171 ], [ 110.361136669361088, -7.786398114372896 ] ] ], [ [ [ 110.361168290799682, -7.786189260322346 ], [ 110.361166092564588, -7.786175281560871 ], [ 110.3611683331347, -7.786161309486739 ], [ 110.361174793187018, -7.786148711783826 ], [ 110.361184840366391, -7.786138721602856 ], [ 110.361197491184925, -7.786132316852166 ], [ 110.361211507292637, -7.786130124473204 ], [ 110.361225516695683, -7.78613235907129 ], [ 110.361238148056458, -7.786138801908471 ], [ 110.361248164929606, -7.786148822315168 ], [ 110.361254586793734, -7.786161439424338 ], [ 110.361256785031756, -7.786175418185596 ], [ 110.36125454446443, -7.786189390260417 ], [ 110.361248084413674, -7.786201987964665 ], [ 110.361238037234045, -7.786211978147104 ], [ 110.361225386413537, -7.786218382898837 ], [ 110.361211370302883, -7.786220575278016 ], [ 110.361197360897066, -7.786218340679238 ], [ 110.361184729534727, -7.786211897840723 ], [ 110.361174712661835, -7.786201877432561 ], [ 110.361168290799682, -7.786189260322346 ] ] ], [ [ [ 110.360961392771216, -7.785723758076474 ], [ 110.360959194544236, -7.785709779314373 ], [ 110.360961435117375, -7.785695807241388 ], [ 110.360967895167363, -7.785683209541275 ], [ 110.360977942339233, -7.785673219364486 ], [ 110.360990593145871, -7.785666814618953 ], [ 110.361004609238435, -7.785664622245616 ], [ 110.361018618624556, -7.785666856849243 ], [ 110.36103124996832, -7.785673299691341 ], [ 110.361041266825978, -7.785683320101846 ], [ 110.361047688677715, -7.785695937213347 ], [ 110.361049886907637, -7.785709915975231 ], [ 110.361047646337269, -7.785723888048906 ], [ 110.361041186288858, -7.785736485750355 ], [ 110.361031139116719, -7.785746475928611 ], [ 110.361018488308119, -7.785752880675188 ], [ 110.361004472212613, -7.785755073048744 ], [ 110.360990462823708, -7.785752838444425 ], [ 110.360977831478394, -7.785746395600992 ], [ 110.360967814620963, -7.785736375189018 ], [ 110.360961392771216, -7.785723758076474 ] ] ], [ [ [ 110.361023089699103, -7.785589692535768 ], [ 110.361020755835824, -7.785590874105265 ], [ 110.361006739745775, -7.785593066479351 ], [ 110.36099273036217, -7.785590831875527 ], [ 110.360980099021461, -7.785584389032501 ], [ 110.360970082167512, -7.785574368620815 ], [ 110.360963660319769, -7.785561751508403 ], [ 110.360961462093115, -7.785547772746272 ], [ 110.360963702664876, -7.78553380067309 ], [ 110.360970162711922, -7.785521202972637 ], [ 110.360980209879571, -7.785511212795407 ], [ 110.360992860681122, -7.78550480804936 ], [ 110.361006876768229, -7.78550261567549 ], [ 110.361020886149063, -7.785504850278628 ], [ 110.36103351748821, -7.785511293120314 ], [ 110.361035675897867, -7.785513452296279 ], [ 110.361038009760662, -7.785512270726657 ], [ 110.361052025847911, -7.785510078351302 ], [ 110.361066035229342, -7.785512312952983 ], [ 110.361078666569512, -7.785518755793398 ], [ 110.361088683425024, -7.785528776202648 ], [ 110.361095105276249, -7.785541393313447 ], [ 110.361097303507378, -7.785555372075247 ], [ 110.361095062939796, -7.785569344149469 ], [ 110.361088602895478, -7.785581941852038 ], [ 110.361078555728369, -7.785591932031879 ], [ 110.361065904925184, -7.785598336780351 ], [ 110.361051888835007, -7.785600529155926 ], [ 110.361037879450791, -7.785598294553553 ], [ 110.361025248109073, -7.785591851711805 ], [ 110.361023089699103, -7.785589692535768 ] ] ], [ [ [ 110.361165324740128, -7.785032329731324 ], [ 110.361163126508018, -7.785018350969575 ], [ 110.361165367068963, -7.78500437889421 ], [ 110.361171827100833, -7.784991781189231 ], [ 110.361181874250477, -7.784981791005563 ], [ 110.361194525032914, -7.784975386251802 ], [ 110.361208541101703, -7.784973193869703 ], [ 110.361222550466778, -7.784975428464892 ], [ 110.361235181794299, -7.784981871299696 ], [ 110.361245198642138, -7.784991891704768 ], [ 110.361251620491373, -7.785004508813232 ], [ 110.361253818726397, -7.785018487574765 ], [ 110.361251578168236, -7.785032459650816 ], [ 110.361245118137944, -7.78504505735713 ], [ 110.361235070988045, -7.785055047542269 ], [ 110.361222420203646, -7.78506145229707 ], [ 110.361208404131915, -7.785063644679387 ], [ 110.361194394764041, -7.785061410083507 ], [ 110.361181763434971, -7.78505496724737 ], [ 110.361171746587388, -7.785044946840832 ], [ 110.361165324740128, -7.785032329731324 ] ] ], [ [ [ 110.361135936047347, -7.784854813929983 ], [ 110.361133737816687, -7.784840835168115 ], [ 110.361133988250657, -7.784839273468639 ], [ 110.361122991095272, -7.78484484103537 ], [ 110.361108975030589, -7.784847033414965 ], [ 110.361094965670617, -7.784844798816406 ], [ 110.361082334349504, -7.784838355977889 ], [ 110.361073449758734, -7.784829468222371 ], [ 110.361060468072694, -7.784831498804017 ], [ 110.361049819533321, -7.784829800280455 ], [ 110.361039927153371, -7.784839636570006 ], [ 110.361027276373207, -7.784846041319335 ], [ 110.361013260308241, -7.784848233695725 ], [ 110.360999250948979, -7.784845999094041 ], [ 110.360986619629543, -7.784839556252792 ], [ 110.360976602791681, -7.78482953584233 ], [ 110.360970180953245, -7.784816918730482 ], [ 110.360967982728241, -7.784802939968196 ], [ 110.360970223293833, -7.784788967894155 ], [ 110.360972556001641, -7.784784418884255 ], [ 110.360965896675808, -7.78477775718221 ], [ 110.360959474838367, -7.784765140070258 ], [ 110.360957276613846, -7.784751161307935 ], [ 110.360959517179381, -7.784737189233923 ], [ 110.360965977212388, -7.784724591532087 ], [ 110.36097602435963, -7.78471460135305 ], [ 110.360980919869377, -7.784712122888157 ], [ 110.360978924073592, -7.784699431396871 ], [ 110.360979099139371, -7.784698339693398 ], [ 110.360978294974188, -7.784698746820607 ], [ 110.360964278914068, -7.784700939195772 ], [ 110.360950269560036, -7.784698704592869 ], [ 110.360937638245687, -7.784692261750536 ], [ 110.360927621412287, -7.784682241339223 ], [ 110.360921199577263, -7.784669624226852 ], [ 110.360919001354262, -7.784655645464406 ], [ 110.360921241920281, -7.784641673390597 ], [ 110.360927701952704, -7.784629075689263 ], [ 110.360937749098298, -7.784619085510975 ], [ 110.360950399872522, -7.784612680763809 ], [ 110.360964415929729, -7.784610488388865 ], [ 110.360978425280962, -7.784612722991074 ], [ 110.360991056593761, -7.784619165832078 ], [ 110.361001073427417, -7.784629186241917 ], [ 110.361007495264403, -7.784641803353251 ], [ 110.361009693490331, -7.784655782115475 ], [ 110.361009518424666, -7.784656873818973 ], [ 110.361010322589735, -7.784656466691691 ], [ 110.361024338648249, -7.784654274314868 ], [ 110.361034987183103, -7.784655972838719 ], [ 110.361044879558492, -7.784646136548856 ], [ 110.361057530332204, -7.784639731798437 ], [ 110.361071546390036, -7.784637539419981 ], [ 110.361085555743017, -7.784639774018768 ], [ 110.361098187058488, -7.78464621685677 ], [ 110.36110047018299, -7.784648500795171 ], [ 110.361098993534014, -7.784639110633822 ], [ 110.361101234094008, -7.784625138558559 ], [ 110.361107694120975, -7.784612540854017 ], [ 110.361117741262248, -7.784602550671081 ], [ 110.361130392033658, -7.784596145918276 ], [ 110.361144408089842, -7.784593953537263 ], [ 110.361158417441999, -7.784596188133561 ], [ 110.361168778876817, -7.784601473174861 ], [ 110.361173020080827, -7.784597256013429 ], [ 110.36118567085137, -7.78459085125889 ], [ 110.361199686907241, -7.784588658876016 ], [ 110.361213696259654, -7.784590893470495 ], [ 110.361226327575977, -7.784597336304737 ], [ 110.361236344415204, -7.784607356709438 ], [ 110.361242766259252, -7.784619973817767 ], [ 110.361244964493011, -7.784633952579408 ], [ 110.36124272393765, -7.784647924655808 ], [ 110.361236263913909, -7.784660522362668 ], [ 110.361232512500948, -7.784664252510047 ], [ 110.361234604579877, -7.784668362853509 ], [ 110.36123680281348, -7.784682341615161 ], [ 110.361234562257465, -7.784696313691443 ], [ 110.36122810223263, -7.784708911398072 ], [ 110.36121805509103, -7.784718901583579 ], [ 110.361214803382964, -7.784720547838161 ], [ 110.361216507522698, -7.784731384615969 ], [ 110.361214266965632, -7.784745356692036 ], [ 110.361208523782707, -7.784756556481028 ], [ 110.361212888951073, -7.784765132802005 ], [ 110.361215087184206, -7.784779111563688 ], [ 110.3612128466267, -7.78479308363969 ], [ 110.361206634733307, -7.784805197459818 ], [ 110.361215809916729, -7.784814375906129 ], [ 110.361222231762767, -7.784826993014851 ], [ 110.361224429996369, -7.784840971776497 ], [ 110.361222189438678, -7.784854943852507 ], [ 110.361215729410674, -7.784867541558627 ], [ 110.361205682264725, -7.784877531743438 ], [ 110.361193031485485, -7.784883936497812 ], [ 110.361179015419651, -7.784886128879643 ], [ 110.361165006057846, -7.784883894283265 ], [ 110.361152374734388, -7.784877451446665 ], [ 110.361142357891438, -7.784867431039745 ], [ 110.361135936047347, -7.784854813929983 ] ] ], [ [ [ 110.361109850267212, -7.784276647670874 ], [ 110.361107652038882, -7.784262668908806 ], [ 110.361109892595593, -7.784248696833069 ], [ 110.361116352615625, -7.784236099127683 ], [ 110.361126399747008, -7.784226108943622 ], [ 110.361139050506551, -7.784219704189521 ], [ 110.361153066550045, -7.784217511807165 ], [ 110.361167075889924, -7.784219746402203 ], [ 110.361179707194779, -7.784226189236986 ], [ 110.361189724024698, -7.784236209642162 ], [ 110.361194864043895, -7.784246308337068 ], [ 110.361196184984877, -7.784238070958955 ], [ 110.361202645002265, -7.784225473252026 ], [ 110.361212692131502, -7.784215483065731 ], [ 110.361225342889611, -7.78420907830892 ], [ 110.361239358932536, -7.784206885923648 ], [ 110.361253368272742, -7.784209120515844 ], [ 110.361265999578833, -7.784215563348141 ], [ 110.361276016410727, -7.784225583751428 ], [ 110.361282438251138, -7.784238200859003 ], [ 110.36128463648528, -7.784252179620637 ], [ 110.361282395934268, -7.784266151697767 ], [ 110.361275935918442, -7.784278749406027 ], [ 110.361265888788949, -7.784288739593792 ], [ 110.361253238028866, -7.784295144351645 ], [ 110.361239221983013, -7.784297336737136 ], [ 110.361225212640022, -7.78429510214425 ], [ 110.361212581332381, -7.784288659310621 ], [ 110.361202564500729, -7.784278638905864 ], [ 110.361197424481006, -7.784268540211018 ], [ 110.36119610353991, -7.784276777589116 ], [ 110.361189643521428, -7.784289375295834 ], [ 110.361179596389789, -7.784299365481364 ], [ 110.36116694562827, -7.784305770236507 ], [ 110.361152929581834, -7.784307962619082 ], [ 110.361138920239171, -7.784305728023351 ], [ 110.36112628893278, -7.784299285187237 ], [ 110.361116272103104, -7.784289264780595 ], [ 110.361109850267212, -7.784276647670874 ] ] ], [ [ [ 110.360959275400248, -7.784006852326612 ], [ 110.36095707717763, -7.783992873564112 ], [ 110.360959317737098, -7.783978901489279 ], [ 110.360965777756647, -7.783966303786057 ], [ 110.360975824884363, -7.783956313605207 ], [ 110.360988475637399, -7.783949908855044 ], [ 110.36100249167221, -7.783947716476973 ], [ 110.361016501002027, -7.783949951076226 ], [ 110.36102913229648, -7.783956393914729 ], [ 110.36103914911665, -7.783966414322777 ], [ 110.361045570946359, -7.783979031433198 ], [ 110.361047769171904, -7.783993010195482 ], [ 110.361045528615222, -7.784006982271 ], [ 110.361039068597222, -7.784019579975557 ], [ 110.36102902146925, -7.784029570157875 ], [ 110.361016370714253, -7.784035974909077 ], [ 110.361002354676515, -7.78403816728737 ], [ 110.360988345343912, -7.784035932687429 ], [ 110.360975714047896, -7.78402948984759 ], [ 110.360965697227982, -7.784019469438075 ], [ 110.360959275400248, -7.784006852326612 ] ] ], [ [ [ 110.361157182786613, -7.783287180678967 ], [ 110.361154984559178, -7.783273201916795 ], [ 110.36115722510641, -7.783259229839603 ], [ 110.361163685107513, -7.783246632131573 ], [ 110.361173732212407, -7.783236641943923 ], [ 110.361186382940446, -7.783230237185649 ], [ 110.361200398950544, -7.783228044798941 ], [ 110.361214408258363, -7.783230279389874 ], [ 110.361227039535649, -7.783236722221202 ], [ 110.361237056345217, -7.783246742623906 ], [ 110.361243478171886, -7.783259359731344 ], [ 110.36124558080148, -7.783272730558496 ], [ 110.361249934547104, -7.783264240274878 ], [ 110.361259981650548, -7.783254250085067 ], [ 110.361272632378046, -7.783247845324158 ], [ 110.361274208860948, -7.783247598730139 ], [ 110.361270491150108, -7.783240294461211 ], [ 110.361268292918979, -7.783226315699308 ], [ 110.361270533462118, -7.783212343621166 ], [ 110.361276993459171, -7.783199745911046 ], [ 110.361287040560384, -7.783189755720386 ], [ 110.361287552447635, -7.783189496564027 ], [ 110.361286447095083, -7.783188390815149 ], [ 110.361280025267988, -7.783175773708303 ], [ 110.361277827036702, -7.783161794946407 ], [ 110.361280067579017, -7.783147822868121 ], [ 110.361286527574634, -7.783135225157716 ], [ 110.361296574673986, -7.783125234966654 ], [ 110.36130922539698, -7.783118830204259 ], [ 110.361323241403014, -7.78311663781313 ], [ 110.361337250708161, -7.783118872399771 ], [ 110.361349881984438, -7.783125315227352 ], [ 110.361359898794731, -7.783135335627232 ], [ 110.361366320623802, -7.783147952733037 ], [ 110.361368518858029, -7.783161931494712 ], [ 110.361366278318485, -7.783175903573691 ], [ 110.361359818324416, -7.783188501285432 ], [ 110.361349771224823, -7.783198491477958 ], [ 110.361349259337587, -7.783198750634393 ], [ 110.361350364690338, -7.783199856383122 ], [ 110.361356786519949, -7.783212473489091 ], [ 110.361358984754006, -7.783226452250773 ], [ 110.361356744213637, -7.783240424329607 ], [ 110.361350284218162, -7.783253022041061 ], [ 110.361340237116693, -7.783263012233188 ], [ 110.361327586389592, -7.783269416996151 ], [ 110.36132600990662, -7.783269663590364 ], [ 110.361329727618681, -7.783276967858899 ], [ 110.361331925851985, -7.783290946620637 ], [ 110.361329685310224, -7.783304918699183 ], [ 110.361323225312816, -7.78331751641004 ], [ 110.361313178209102, -7.783327506601321 ], [ 110.361300527479642, -7.783333911363266 ], [ 110.361286511466233, -7.783336103753034 ], [ 110.361272502154364, -7.783333869164173 ], [ 110.361259870873482, -7.78332742633394 ], [ 110.361249854061583, -7.783317405931611 ], [ 110.361243432233962, -7.783304788824212 ], [ 110.361241329604368, -7.783291417997065 ], [ 110.361236975858262, -7.783299908280544 ], [ 110.361226928753126, -7.783309898469661 ], [ 110.361214278023112, -7.783316303228979 ], [ 110.361200262010087, -7.783318495615905 ], [ 110.361186252699483, -7.78331626102428 ], [ 110.361173621420633, -7.783309818191624 ], [ 110.361163604611335, -7.783299797787448 ], [ 110.361157182786613, -7.783287180678967 ] ] ], [ [ [ 110.361625625349419, -7.788062280866019 ], [ 110.361627865919644, -7.788048308790271 ], [ 110.361634325992284, -7.788035711082696 ], [ 110.361644373210254, -7.788025720894483 ], [ 110.361657024081879, -7.788019316134665 ], [ 110.361671040251963, -7.788017123745594 ], [ 110.361685049720563, -7.78801935833358 ], [ 110.361688272367886, -7.788021002088455 ], [ 110.361690217981078, -7.788019067518366 ], [ 110.361702868851907, -7.788012662757109 ], [ 110.36171688502165, -7.788010470366485 ], [ 110.361730894490393, -7.788012704952956 ], [ 110.361743525914108, -7.788019147779705 ], [ 110.361753542841257, -7.788029168178172 ], [ 110.361759964745175, -7.788041785282123 ], [ 110.361762163004897, -7.788055764041683 ], [ 110.36175992243902, -7.788069736118494 ], [ 110.36175346236935, -7.788082333828225 ], [ 110.36174341515229, -7.788092324019101 ], [ 110.3617307642795, -7.788098728781405 ], [ 110.361716748106815, -7.788100921172247 ], [ 110.361702738635302, -7.788098686585086 ], [ 110.36169951598734, -7.78809704283027 ], [ 110.361697570373792, -7.788098977400367 ], [ 110.361684919500206, -7.788105382161225 ], [ 110.36167090332718, -7.788107574550514 ], [ 110.361656893855809, -7.78810533996184 ], [ 110.361644262431156, -7.788098897132436 ], [ 110.3616342455053, -7.788088876731495 ], [ 110.361627823604692, -7.788076259625911 ], [ 110.361625625349419, -7.788062280866019 ] ] ], [ [ [ 110.36125583088554, -7.788025281259631 ], [ 110.361253632642899, -7.788011302498796 ], [ 110.361255873224863, -7.787997330425958 ], [ 110.361262333307266, -7.787984732724859 ], [ 110.361265319559152, -7.787981763428326 ], [ 110.361264470202627, -7.787976362318209 ], [ 110.361266710783951, -7.787962390245248 ], [ 110.361273170865431, -7.787949792543894 ], [ 110.361283218089042, -7.787939802364725 ], [ 110.361295868962586, -7.787933397615897 ], [ 110.36130988513068, -7.787931205238681 ], [ 110.361323894593568, -7.787933439838222 ], [ 110.361336526007804, -7.787939882676428 ], [ 110.361344304254288, -7.787947663634737 ], [ 110.361348425597456, -7.787945577124598 ], [ 110.361362441765834, -7.787943384745652 ], [ 110.361376451229546, -7.787945619343513 ], [ 110.361389082645047, -7.787952062180242 ], [ 110.361395952207758, -7.787958934136095 ], [ 110.361398286083812, -7.78795775256564 ], [ 110.361412302252461, -7.787955560185064 ], [ 110.361426311716968, -7.787957794781328 ], [ 110.36143894313372, -7.787964237616659 ], [ 110.361448960051831, -7.787974258021658 ], [ 110.361455381945575, -7.787986875129448 ], [ 110.361457580194937, -7.788000853889782 ], [ 110.361455339619525, -7.788014825964227 ], [ 110.36144887954211, -7.788027423668677 ], [ 110.361438832319848, -7.788037413851884 ], [ 110.36142618144487, -7.788043818604867 ], [ 110.361412165273279, -7.788046010985664 ], [ 110.361398155806, -7.788043776388712 ], [ 110.361385524387686, -7.788037333552044 ], [ 110.361378654823994, -7.788030461595957 ], [ 110.361376320947471, -7.788031643166262 ], [ 110.361362304776165, -7.788033835545423 ], [ 110.361348295309682, -7.788031600946875 ], [ 110.361340856529793, -7.788027806689026 ], [ 110.361335624846404, -7.788038008912762 ], [ 110.3613255776214, -7.788047999093037 ], [ 110.36131292674466, -7.788054403842475 ], [ 110.361298910572415, -7.788056596219451 ], [ 110.361284901105705, -7.788054361618773 ], [ 110.361272269689096, -7.788047918778853 ], [ 110.361262252773898, -7.788037898369912 ], [ 110.36125583088554, -7.788025281259631 ] ] ], [ [ [ 110.361572384619464, -7.787989291965805 ], [ 110.361565962722054, -7.787976674859499 ], [ 110.361563764469125, -7.787962696099429 ], [ 110.361566005040558, -7.787948724024065 ], [ 110.361572465113227, -7.787936126317399 ], [ 110.361582512329974, -7.787926136130529 ], [ 110.361595163199269, -7.787919731372368 ], [ 110.361609179366155, -7.787917538985087 ], [ 110.36162318883099, -7.787919773574833 ], [ 110.361635820250129, -7.787926216404458 ], [ 110.361645837172475, -7.787936236805127 ], [ 110.361652259071846, -7.787948853910391 ], [ 110.361654457327731, -7.787962832670243 ], [ 110.361652216759069, -7.787976804746296 ], [ 110.361645756687977, -7.787989402454293 ], [ 110.36163570947096, -7.787999392642632 ], [ 110.36162305859969, -7.788005797401841 ], [ 110.361609042429862, -7.788007989789337 ], [ 110.361595032962271, -7.788005755198903 ], [ 110.361582401541568, -7.787999312367941 ], [ 110.361572384619464, -7.787989291965805 ] ] ], [ [ [ 110.361836910049831, -7.787980098760106 ], [ 110.361822900581316, -7.787977864177182 ], [ 110.361810269157388, -7.787971421352786 ], [ 110.36180025223004, -7.787961400955633 ], [ 110.361793830325894, -7.787948783852246 ], [ 110.36179163206539, -7.787934805092742 ], [ 110.361793872629136, -7.787920833015528 ], [ 110.361800332694784, -7.78790823530479 ], [ 110.361810379905862, -7.787898245112014 ], [ 110.361823030771376, -7.787891840346694 ], [ 110.361825828116167, -7.787891402788784 ], [ 110.361826275287356, -7.787888614243031 ], [ 110.361826724499537, -7.787887738238578 ], [ 110.361822917734642, -7.787880259094721 ], [ 110.361820719473329, -7.787866280335272 ], [ 110.361821864297085, -7.787859141249572 ], [ 110.361817937966606, -7.787855213558434 ], [ 110.36181151606327, -7.78784259645534 ], [ 110.361811146048439, -7.787840243527903 ], [ 110.361805585175802, -7.787839356539422 ], [ 110.361792953756137, -7.787832913714825 ], [ 110.36178293683227, -7.787822893317503 ], [ 110.36177651493044, -7.787810276213982 ], [ 110.361774316670846, -7.787796297454401 ], [ 110.361776557234066, -7.787782325377179 ], [ 110.361783017297739, -7.787769727666491 ], [ 110.361793064505633, -7.787759737473826 ], [ 110.361805715367026, -7.787753332708666 ], [ 110.361819731527788, -7.787751140313871 ], [ 110.361833740988857, -7.787753374896316 ], [ 110.36184637240693, -7.787759817719574 ], [ 110.361856389331066, -7.787769838115432 ], [ 110.361862811234872, -7.78778245521791 ], [ 110.361863181249973, -7.787784808145327 ], [ 110.361868742122098, -7.787785695133007 ], [ 110.361881373541721, -7.787792137955334 ], [ 110.361891390467449, -7.787802158350479 ], [ 110.361897812372774, -7.787814775452533 ], [ 110.361900010636546, -7.7878287542118 ], [ 110.361898865814211, -7.787835893297839 ], [ 110.361902792145344, -7.787839820988276 ], [ 110.361909214051494, -7.787852438090209 ], [ 110.361911412315749, -7.787866416849437 ], [ 110.361909171756267, -7.787880388927644 ], [ 110.361908722544285, -7.7878812649322 ], [ 110.361912529310757, -7.787888744075411 ], [ 110.361914727575225, -7.787902722834625 ], [ 110.361912487015559, -7.787916694912816 ], [ 110.361908556975948, -7.78792435884951 ], [ 110.36191007635631, -7.787925878755557 ], [ 110.361916498263781, -7.787938495857451 ], [ 110.361918696528505, -7.787952474616644 ], [ 110.361916455968583, -7.787966446694814 ], [ 110.361909995905222, -7.7879790444075 ], [ 110.361899948694244, -7.787989034602633 ], [ 110.361887297826669, -7.787995439370082 ], [ 110.36187328165785, -7.787997631766455 ], [ 110.361859272188482, -7.787995397184665 ], [ 110.361846640763389, -7.787988954361273 ], [ 110.361837669478817, -7.787979979970984 ], [ 110.361836910049831, -7.787980098760106 ] ] ], [ [ [ 110.36182389494509, -7.787679932853679 ], [ 110.361821696684231, -7.787665954094185 ], [ 110.36182393724485, -7.787651982016446 ], [ 110.361829236415105, -7.787641648146658 ], [ 110.361825007967454, -7.787637418231921 ], [ 110.361818586066676, -7.78762480112906 ], [ 110.361816387806144, -7.787610822369541 ], [ 110.361818628366493, -7.787596850291782 ], [ 110.361825088425675, -7.787584252580012 ], [ 110.361835135627871, -7.787574262385824 ], [ 110.36184778648294, -7.787567857618849 ], [ 110.36186180263735, -7.787565665222129 ], [ 110.361875812092663, -7.787567899802721 ], [ 110.36188844350616, -7.787574342624385 ], [ 110.361898460427327, -7.787584363019059 ], [ 110.36190488233008, -7.78759698012088 ], [ 110.361907080593539, -7.787610958880185 ], [ 110.361904840035962, -7.787624930958631 ], [ 110.361899540867739, -7.787635264829536 ], [ 110.361903769316186, -7.787639494743587 ], [ 110.361910191219806, -7.787652111845378 ], [ 110.361912389483578, -7.787666090604652 ], [ 110.361910148925745, -7.787680062683084 ], [ 110.361903688867301, -7.78769266039618 ], [ 110.361893641663556, -7.787702650591839 ], [ 110.361880990804849, -7.787709055359873 ], [ 110.36186697464565, -7.787711247756835 ], [ 110.361852965185719, -7.787709013175581 ], [ 110.361840333768981, -7.787702570352616 ], [ 110.361830316846735, -7.787692549956511 ], [ 110.36182389494509, -7.787679932853679 ] ] ], [ [ [ 110.36168505947694, -7.787668967991729 ], [ 110.361682861220771, -7.787654989231885 ], [ 110.361685101785852, -7.787641017155241 ], [ 110.361691561849639, -7.787628419445909 ], [ 110.361701609055885, -7.78761842925525 ], [ 110.361714259914038, -7.787612024492543 ], [ 110.361728276070266, -7.787609832100415 ], [ 110.361742285525963, -7.787612066685481 ], [ 110.361754916938366, -7.787618509511051 ], [ 110.36176493385706, -7.787628529908686 ], [ 110.361771355756204, -7.787641147012238 ], [ 110.361773554015315, -7.787655125771862 ], [ 110.361771313453019, -7.7876690978492 ], [ 110.361764853390795, -7.787681695559861 ], [ 110.361754806184294, -7.787691685751993 ], [ 110.361742155324166, -7.787698090515738 ], [ 110.361728139164995, -7.787700282908085 ], [ 110.361714129706527, -7.787698048322329 ], [ 110.361701498292561, -7.787691605495428 ], [ 110.361691481374109, -7.787681585096321 ], [ 110.36168505947694, -7.787668967991729 ] ] ], [ [ [ 110.361586719194435, -7.787623107554539 ], [ 110.36158452094169, -7.787609128794441 ], [ 110.361586761509599, -7.787595156718527 ], [ 110.36159322157539, -7.787582559010849 ], [ 110.361601951816056, -7.787573878315258 ], [ 110.361597591316141, -7.78756531123271 ], [ 110.361595393063183, -7.787551332472622 ], [ 110.361597633630282, -7.787537360396562 ], [ 110.361604093694737, -7.787524762688586 ], [ 110.361614140900201, -7.787514772499918 ], [ 110.361626791756251, -7.787508367739647 ], [ 110.361640807909211, -7.787506175350163 ], [ 110.361654817360787, -7.787508409937807 ], [ 110.361667448768671, -7.787514852765655 ], [ 110.361677465682874, -7.787524873165043 ], [ 110.361683887577968, -7.787537490269638 ], [ 110.361686085833867, -7.787551469029502 ], [ 110.361683845269553, -7.787565441106258 ], [ 110.361677385206647, -7.787578038815566 ], [ 110.361668654967332, -7.78758671951283 ], [ 110.361673015468938, -7.787595286594774 ], [ 110.36167521372461, -7.787609265354653 ], [ 110.361672973159472, -7.787623237431256 ], [ 110.361666513095244, -7.787635835140266 ], [ 110.361656465887791, -7.787645825329987 ], [ 110.361643815027833, -7.787652230090803 ], [ 110.36162979886997, -7.787654422479985 ], [ 110.36161578941379, -7.787652187891143 ], [ 110.361603158002879, -7.787645745061527 ], [ 110.361593141087965, -7.787635724660354 ], [ 110.361586719194435, -7.787623107554539 ] ] ], [ [ [ 110.361430420878747, -7.787571109637733 ], [ 110.361428222631375, -7.787557130877231 ], [ 110.361430463203988, -7.78754315880251 ], [ 110.361436923273331, -7.787530561097495 ], [ 110.361446970482589, -7.787520570913126 ], [ 110.361459621340941, -7.787514166158066 ], [ 110.361473637494512, -7.787511973774191 ], [ 110.361487646944965, -7.787514208367309 ], [ 110.36150027835005, -7.787520651199943 ], [ 110.361510295260075, -7.787530671602962 ], [ 110.361516717150039, -7.787543288709689 ], [ 110.361518915400339, -7.787557267469972 ], [ 110.361516674830511, -7.787571239545384 ], [ 110.361510214762731, -7.787583837251732 ], [ 110.361500167553217, -7.787593827437573 ], [ 110.36148751669289, -7.787600232193675 ], [ 110.361473500536377, -7.787602424577766 ], [ 110.361459491083153, -7.787600189983963 ], [ 110.361446859676505, -7.787593747149992 ], [ 110.361436842766736, -7.787583726745503 ], [ 110.361430420878747, -7.787571109637733 ] ] ], [ [ [ 110.36183110938876, -7.787366679568938 ], [ 110.361828911128455, -7.78735270080939 ], [ 110.361831151686332, -7.787338728731255 ], [ 110.361837611740583, -7.78732613101879 ], [ 110.361847658935844, -7.787316140823664 ], [ 110.361860309782699, -7.787309736055593 ], [ 110.361874325928397, -7.787307543657732 ], [ 110.36188833537534, -7.787309778237249 ], [ 110.361900966781647, -7.787316221058008 ], [ 110.361910983697499, -7.787326241452034 ], [ 110.361917405597339, -7.787338858553532 ], [ 110.361919603860585, -7.787352837312859 ], [ 110.36191736330548, -7.787366809391687 ], [ 110.361910903252792, -7.787379407105487 ], [ 110.361900856057289, -7.787389397302078 ], [ 110.361888205208444, -7.787395802071191 ], [ 110.361874189059833, -7.78739799446927 ], [ 110.361860179610105, -7.787395759889064 ], [ 110.361847548202235, -7.787389317066972 ], [ 110.361837531286625, -7.787379296671479 ], [ 110.36183110938876, -7.787366679568938 ] ] ], [ [ [ 110.361883997580449, -7.787159709048339 ], [ 110.36188179931888, -7.787145730288876 ], [ 110.361884039873374, -7.787131758210088 ], [ 110.361890499922438, -7.787119160496317 ], [ 110.361900547111219, -7.787109170299339 ], [ 110.361913197950926, -7.787102765529061 ], [ 110.361927214089533, -7.787100573128852 ], [ 110.36194122353011, -7.787102807706107 ], [ 110.361953854931414, -7.787109250524916 ], [ 110.361963871844097, -7.787119270917492 ], [ 110.361970293742942, -7.787131888018182 ], [ 110.361972492007439, -7.787145866777429 ], [ 110.36197025145573, -7.787159838856903 ], [ 110.361963791408243, -7.787172436572011 ], [ 110.361953744219207, -7.787182426770456 ], [ 110.36194109337751, -7.787188831541777 ], [ 110.36192707723599, -7.787191023942205 ], [ 110.361913067792628, -7.78718878936426 ], [ 110.36190043638976, -7.787182346544117 ], [ 110.361890419477305, -7.787172326150072 ], [ 110.361883997580449, -7.787159709048339 ] ] ], [ [ [ 110.361322272641488, -7.787127775042057 ], [ 110.361315850762892, -7.787115157933124 ], [ 110.361313652520522, -7.787101179172231 ], [ 110.361315893093234, -7.787087207097924 ], [ 110.36132235315776, -7.787074609394099 ], [ 110.361332400357753, -7.78706461921157 ], [ 110.36134505120333, -7.787058214458827 ], [ 110.361359067341837, -7.787056022077513 ], [ 110.361373076776431, -7.787058256673186 ], [ 110.361385708166395, -7.787064699508124 ], [ 110.361395725063531, -7.787074719912964 ], [ 110.361402146944101, -7.787087337020854 ], [ 110.361404345189399, -7.787101315781531 ], [ 110.361402104619472, -7.787115287856528 ], [ 110.361395644556509, -7.787127885561684 ], [ 110.361385597356247, -7.787137875745681 ], [ 110.361372946508709, -7.787144280499469 ], [ 110.361358930367246, -7.787146472881 ], [ 110.361344920929895, -7.787144238284637 ], [ 110.361332289538367, -7.787137795448365 ], [ 110.361322272641488, -7.787127775042057 ] ] ], [ [ [ 110.361244485334197, -7.786615575657058 ], [ 110.361242287095465, -7.786601596895872 ], [ 110.361244527666514, -7.786587624821593 ], [ 110.361250987724219, -7.786575027118116 ], [ 110.3612610349129, -7.786565036936216 ], [ 110.361273685743782, -7.786558632184324 ], [ 110.361287701865663, -7.786556439804 ], [ 110.361301711283289, -7.786558674400711 ], [ 110.36131434265765, -7.786565117236623 ], [ 110.361324359542053, -7.786575137642285 ], [ 110.361330781413997, -7.78658775475076 ], [ 110.361332979655671, -7.786601733511731 ], [ 110.361330739087393, -7.786615705586698 ], [ 110.361324279031251, -7.78662830329151 ], [ 110.361314231842314, -7.786638293474877 ], [ 110.361301581009471, -7.786644698227813 ], [ 110.361287564884663, -7.786646890608352 ], [ 110.361273555464251, -7.786644656010957 ], [ 110.361260924088313, -7.786638213173707 ], [ 110.36125090720418, -7.786628192766576 ], [ 110.361244485334197, -7.786615575657058 ] ] ], [ [ [ 110.361712325243275, -7.786577290225504 ], [ 110.361710126988939, -7.786563311465478 ], [ 110.361712367544371, -7.786549339387427 ], [ 110.361718827588007, -7.786536741675618 ], [ 110.361728874765532, -7.78652675148164 ], [ 110.361741525589238, -7.78652034671511 ], [ 110.361755541708646, -7.78651815431902 ], [ 110.361769551128774, -7.786520388900369 ], [ 110.361782182510325, -7.786526831722839 ], [ 110.361792199405897, -7.786536852118296 ], [ 110.361798621291939, -7.786549469220795 ], [ 110.361800819549202, -7.786563447980605 ], [ 110.361798578996542, -7.786577420059341 ], [ 110.361792118954483, -7.786590017772488 ], [ 110.361782071776702, -7.786600007967929 ], [ 110.36176942095102, -7.786606412735507 ], [ 110.361755404828656, -7.786608605131813 ], [ 110.361741395405772, -7.786606370549775 ], [ 110.361728764022658, -7.786599927725969 ], [ 110.361718747127341, -7.786589907329046 ], [ 110.361712325243275, -7.786577290225504 ] ] ], [ [ [ 110.361530436358649, -7.786312660667485 ], [ 110.36152401448399, -7.786300043561726 ], [ 110.361521816236674, -7.786286064801167 ], [ 110.361524056796057, -7.786272092724317 ], [ 110.361530516840162, -7.786259495015325 ], [ 110.361540564014632, -7.786249504825507 ], [ 110.361553214832099, -7.786243100064069 ], [ 110.361567230942654, -7.786240907673507 ], [ 110.361581240352166, -7.786243142260281 ], [ 110.36159387172242, -7.786249585087538 ], [ 110.361603888607121, -7.786259605486677 ], [ 110.361610310483741, -7.786272222591395 ], [ 110.361612508733984, -7.786286201351741 ], [ 110.361610268177401, -7.786300173429277 ], [ 110.361603808134859, -7.786312771139601 ], [ 110.361593760960119, -7.786322761330887 ], [ 110.361581110140705, -7.78632916609337 ], [ 110.361567094027208, -7.786331358484147 ], [ 110.361553084614911, -7.786329123896687 ], [ 110.361540453243094, -7.786322681068092 ], [ 110.361530436358649, -7.786312660667485 ] ] ], [ [ [ 110.361559208819912, -7.786204638380502 ], [ 110.361557010571659, -7.786190659620008 ], [ 110.361559251129123, -7.786176687542776 ], [ 110.361565711170513, -7.786164089832987 ], [ 110.361575758341772, -7.786154099642042 ], [ 110.3615884091558, -7.786147694879246 ], [ 110.361602425263058, -7.786145502487242 ], [ 110.361616434669727, -7.786147737072619 ], [ 110.361629066037864, -7.786154179898672 ], [ 110.361639082921386, -7.786164200296906 ], [ 110.361645504797877, -7.786176817401115 ], [ 110.361647703049073, -7.786190796161392 ], [ 110.361645462494394, -7.786204768239315 ], [ 110.361639002454552, -7.786217365950435 ], [ 110.361628955283052, -7.786227356142852 ], [ 110.361616304467049, -7.786233760906686 ], [ 110.361602288356863, -7.786235953298911 ], [ 110.361588278947409, -7.786233718712844 ], [ 110.361575647577709, -7.786227275885456 ], [ 110.361565630694443, -7.786217255485754 ], [ 110.361559208819912, -7.786204638380502 ] ] ], [ [ [ 110.361856085388666, -7.786006102020364 ], [ 110.361853887130948, -7.785992123260563 ], [ 110.361856127677115, -7.785978151180752 ], [ 110.361862587706483, -7.785965553465358 ], [ 110.361872634866174, -7.78595556326633 ], [ 110.361885285670212, -7.785949158493771 ], [ 110.361899301770038, -7.785946966091274 ], [ 110.361913311172572, -7.785949200666455 ], [ 110.361925942540267, -7.785955643483608 ], [ 110.361935959427072, -7.785965663875114 ], [ 110.361942381310286, -7.785978280975415 ], [ 110.361944579570945, -7.785992259734998 ], [ 110.361942339027578, -7.786006231815501 ], [ 110.361935878999759, -7.786018829532229 ], [ 110.361925831839812, -7.786028819732721 ], [ 110.361913181033799, -7.786035224506324 ], [ 110.361899164931046, -7.786037416909043 ], [ 110.361885155525727, -7.786035182333169 ], [ 110.361872524156468, -7.786028739514681 ], [ 110.361862507269919, -7.786018719121711 ], [ 110.361856085388666, -7.786006102020364 ] ] ], [ [ [ 110.361741211493182, -7.785998369346069 ], [ 110.36173478961598, -7.785985752243191 ], [ 110.361732591362369, -7.785971773483086 ], [ 110.361734831912344, -7.78595780140422 ], [ 110.361741291944824, -7.785945203690928 ], [ 110.361751339106632, -7.785935213494961 ], [ 110.36176398991158, -7.785928808726114 ], [ 110.361778006011036, -7.785926616327616 ], [ 110.361792015411936, -7.785928850906704 ], [ 110.361804646776889, -7.785935293727278 ], [ 110.361814663660141, -7.785945314121383 ], [ 110.361821085539304, -7.785957931223217 ], [ 110.361823283795843, -7.785971909983107 ], [ 110.361821043248668, -7.785985882062663 ], [ 110.361814583217736, -7.785998479777289 ], [ 110.361804536055686, -7.786008469974727 ], [ 110.361791885248763, -7.786014874744614 ], [ 110.36177786914638, -7.786017067143328 ], [ 110.361763859742695, -7.786014832563549 ], [ 110.361751228376178, -7.786008389741645 ], [ 110.361741211493182, -7.785998369346069 ] ] ], [ [ [ 110.361482731096828, -7.785965205552198 ], [ 110.361480532851743, -7.785951226791457 ], [ 110.361482773409776, -7.785937254714575 ], [ 110.36148923344912, -7.785924657005697 ], [ 110.36149928061586, -7.785914666816134 ], [ 110.361511931423394, -7.785908262055064 ], [ 110.361525947522779, -7.785906069664946 ], [ 110.361539956920993, -7.785908304252201 ], [ 110.361552588280915, -7.785914747079926 ], [ 110.361562605157232, -7.785924767479474 ], [ 110.361569027028295, -7.7859373845845 ], [ 110.361571225276322, -7.785951363345026 ], [ 110.36156898472106, -7.785965335422596 ], [ 110.361562524683279, -7.785977933132806 ], [ 110.36155247751627, -7.785987923323835 ], [ 110.361539826706775, -7.785994328085952 ], [ 110.361525810604448, -7.785996520476279 ], [ 110.361511801203463, -7.785994285888341 ], [ 110.361499169841991, -7.785987843059281 ], [ 110.361489152965916, -7.785977822658265 ], [ 110.361482731096828, -7.785965205552198 ] ] ], [ [ [ 110.361591038603251, -7.785660171358686 ], [ 110.361588840355296, -7.785646192598144 ], [ 110.361591080907345, -7.785632220520071 ], [ 110.361597540938163, -7.785619622808721 ], [ 110.361607588094714, -7.785609632615656 ], [ 110.361620238891334, -7.785603227850387 ], [ 110.361634254980189, -7.785601035455793 ], [ 110.361648264369251, -7.785603270038723 ], [ 110.361660895722324, -7.78560971286271 ], [ 110.361670912594789, -7.785619733259461 ], [ 110.361677334465313, -7.785632350362914 ], [ 110.361679532716209, -7.785646329123238 ], [ 110.361677292166931, -7.785660301202001 ], [ 110.361670832137676, -7.785672898914686 ], [ 110.36166078498087, -7.785682889109221 ], [ 110.361648134182289, -7.785689293875532 ], [ 110.361634118090507, -7.785691486270342 ], [ 110.361620108698645, -7.785689251686722 ], [ 110.361607477344023, -7.785682808861401 ], [ 110.361597460471813, -7.785672788463183 ], [ 110.361591038603251, -7.785660171358686 ] ] ], [ [ [ 110.36143975067489, -7.785663139639349 ], [ 110.361433328811373, -7.785650522532854 ], [ 110.361431130568732, -7.785636543771915 ], [ 110.361433371125855, -7.785622571695088 ], [ 110.361439831161036, -7.785609973986505 ], [ 110.361449878320755, -7.785599983797456 ], [ 110.361462529119081, -7.785593579037058 ], [ 110.361476545208006, -7.785591386647718 ], [ 110.361490554595505, -7.785593621235765 ], [ 110.361503185945509, -7.785600064064237 ], [ 110.361513202813697, -7.785610084464393 ], [ 110.36151962467919, -7.785622701569847 ], [ 110.361521822924772, -7.785636680330566 ], [ 110.36151958237042, -7.785650652408085 ], [ 110.361513122336817, -7.785663250118001 ], [ 110.361503075176827, -7.78567324030852 ], [ 110.361490424376527, -7.785679645069957 ], [ 110.361476408284673, -7.785681837459517 ], [ 110.361462398894403, -7.785679602870776 ], [ 110.361449767542837, -7.785673160040977 ], [ 110.36143975067489, -7.785663139639349 ] ] ], [ [ [ 110.361337439621394, -7.785321652448126 ], [ 110.361335241382804, -7.785307673686873 ], [ 110.361337481940424, -7.785293701610454 ], [ 110.361343941972507, -7.785281103902963 ], [ 110.361353989125845, -7.785271113715581 ], [ 110.361366639915133, -7.785264708957262 ], [ 110.36138065599323, -7.785262516570212 ], [ 110.361394665369176, -7.785264751160536 ], [ 110.361407296708038, -7.785271193991043 ], [ 110.361417313566591, -7.785281214392801 ], [ 110.361423735424893, -7.785293831499266 ], [ 110.361425933666439, -7.785307810260298 ], [ 110.36142369311159, -7.785321782337411 ], [ 110.36141723308107, -7.785334380046236 ], [ 110.361407185927476, -7.785344370235086 ], [ 110.361394535136228, -7.785350774994444 ], [ 110.361380519055189, -7.785352967381712 ], [ 110.361366509676472, -7.785350732790697 ], [ 110.361353878336033, -7.78534428995886 ], [ 110.361343861477721, -7.78533426955563 ], [ 110.361337439621394, -7.785321652448126 ] ] ], [ [ [ 110.361597628881242, -7.785313977325912 ], [ 110.361595430633926, -7.785299998565306 ], [ 110.361597671183006, -7.785286026486801 ], [ 110.361604131207486, -7.785273428774704 ], [ 110.361606321127482, -7.785271251268586 ], [ 110.361604924080069, -7.785262367377637 ], [ 110.361607164628538, -7.785248395299019 ], [ 110.36161362465208, -7.785235797586684 ], [ 110.361623671798384, -7.785225807392285 ], [ 110.361636322582811, -7.785219402625466 ], [ 110.361650338658706, -7.785217210229263 ], [ 110.361664348035333, -7.785219444810677 ], [ 110.361676979377677, -7.785225887633388 ], [ 110.36168699624217, -7.785235908029229 ], [ 110.361693418108302, -7.78524852513223 ], [ 110.361695616358759, -7.785262503892604 ], [ 110.36169337581309, -7.785276475971911 ], [ 110.361686915791097, -7.78528907368558 ], [ 110.361684725871385, -7.78529125119214 ], [ 110.361686122920531, -7.785300135082959 ], [ 110.361683882374237, -7.785314107162151 ], [ 110.36167742235132, -7.78532670487558 ], [ 110.361667375203581, -7.785336695071117 ], [ 110.361654724415885, -7.785343099838578 ], [ 110.361640708335756, -7.785345292234577 ], [ 110.361626698955206, -7.785343057652067 ], [ 110.361614067610404, -7.785336614827671 ], [ 110.361604050745569, -7.785326594430098 ], [ 110.361597628881242, -7.785313977325912 ] ] ], [ [ [ 110.361363779947865, -7.785185357476326 ], [ 110.36134976387234, -7.785187549863028 ], [ 110.361335754499279, -7.785185315271439 ], [ 110.361323123164141, -7.785178872439072 ], [ 110.36131310631022, -7.785168852035418 ], [ 110.361306684456977, -7.785156234927628 ], [ 110.361304486219822, -7.785142256166263 ], [ 110.36130672677713, -7.785128284089906 ], [ 110.361313186807152, -7.785115686382657 ], [ 110.361323233956909, -7.785105696195663 ], [ 110.361335884741408, -7.785099291437852 ], [ 110.361349900814005, -7.785097099051368 ], [ 110.361363910184295, -7.785099333642269 ], [ 110.36137654151787, -7.785105776473301 ], [ 110.361377135219968, -7.785106370385713 ], [ 110.361380362806855, -7.785104736343323 ], [ 110.361394378879524, -7.785102543955364 ], [ 110.361408388250354, -7.785104778544829 ], [ 110.361421019584867, -7.785111221374605 ], [ 110.361431036440294, -7.785121241775833 ], [ 110.361437458296962, -7.785133858882016 ], [ 110.361439656538565, -7.785147837643055 ], [ 110.361437415985435, -7.785161809720446 ], [ 110.361430955958156, -7.785174407429807 ], [ 110.361420908808981, -7.785184397619394 ], [ 110.361408258022905, -7.785190802379615 ], [ 110.361394241947281, -7.785192994767789 ], [ 110.361380232573708, -7.785190760177636 ], [ 110.361367601237603, -7.785184317346529 ], [ 110.361367007535421, -7.785183723434098 ], [ 110.361363779947865, -7.785185357476326 ] ] ], [ [ [ 110.361388964436088, -7.784926959630474 ], [ 110.36138254258357, -7.784914342523805 ], [ 110.361381495620151, -7.784907684807877 ], [ 110.361379844714747, -7.784907943041947 ], [ 110.361365835350611, -7.784905708452062 ], [ 110.361353204022961, -7.784899265621149 ], [ 110.361343187174384, -7.784889245218553 ], [ 110.361337374763636, -7.784877825487117 ], [ 110.361337039077554, -7.784878480109265 ], [ 110.36132699193395, -7.784888470297155 ], [ 110.361314341155918, -7.784894875055267 ], [ 110.361300325090028, -7.784897067441126 ], [ 110.361286315726886, -7.784894832848677 ], [ 110.361273684400956, -7.784888390015516 ], [ 110.361263667554667, -7.784878369611214 ], [ 110.361257245706653, -7.784865752502985 ], [ 110.3612550474719, -7.784851773741427 ], [ 110.361257288028497, -7.78483780166515 ], [ 110.361263748054768, -7.784825203958241 ], [ 110.361270806584912, -7.784818185442758 ], [ 110.361263769340823, -7.784811145697976 ], [ 110.361257347493662, -7.784798528589792 ], [ 110.36125514925908, -7.78478454982822 ], [ 110.361257389815137, -7.784770577751869 ], [ 110.361263849840213, -7.784757980044834 ], [ 110.361273896981828, -7.784747989858248 ], [ 110.361286547755796, -7.784741585100993 ], [ 110.361300563816471, -7.784739392715157 ], [ 110.361314573174639, -7.784741627306742 ], [ 110.361326152197918, -7.784747533394446 ], [ 110.361336425169952, -7.784742332454813 ], [ 110.361350441230556, -7.784740140067313 ], [ 110.361364450589136, -7.784742374657268 ], [ 110.361375258206607, -7.784747887274067 ], [ 110.361377702115362, -7.784745457218023 ], [ 110.361390352887909, -7.784739052457534 ], [ 110.361404368948271, -7.78473686006822 ], [ 110.361418378307178, -7.784739094656411 ], [ 110.361431009631389, -7.784745537485121 ], [ 110.361441026479071, -7.7847555578856 ], [ 110.36144744833139, -7.784768174991421 ], [ 110.361449646572396, -7.784782153752516 ], [ 110.361447406022535, -7.784796125830388 ], [ 110.361440946002034, -7.784808723540594 ], [ 110.36143089886248, -7.784818713731315 ], [ 110.361418248087958, -7.784825118492844 ], [ 110.361407285680144, -7.784826833230301 ], [ 110.361416639181272, -7.784836190048466 ], [ 110.361423061033861, -7.784848807154645 ], [ 110.361424107997877, -7.784855464870533 ], [ 110.361425758903067, -7.784855206636274 ], [ 110.361439768266024, -7.784857441224073 ], [ 110.361452399594, -7.784863884052426 ], [ 110.361462416444837, -7.784873904452615 ], [ 110.361468838299331, -7.78488652155824 ], [ 110.361471036541346, -7.784900500319257 ], [ 110.361468795991229, -7.784914472397165 ], [ 110.361462335969236, -7.784927070107531 ], [ 110.361452288827124, -7.784937060298518 ], [ 110.361439638049163, -7.784943465060389 ], [ 110.361425621981951, -7.784945657450306 ], [ 110.361411612616223, -7.784943422861817 ], [ 110.361398981286669, -7.784936980032131 ], [ 110.361388964436088, -7.784926959630474 ] ] ], [ [ [ 110.361880423443921, -7.784621322744661 ], [ 110.36187822518886, -7.784607343984602 ], [ 110.361880465723118, -7.784593371903098 ], [ 110.361886925727234, -7.784580774184736 ], [ 110.361896972850715, -7.784570783981765 ], [ 110.361909623611211, -7.784564379204673 ], [ 110.361923639664383, -7.784562186797487 ], [ 110.361937649021698, -7.784564421368297 ], [ 110.361950280350086, -7.784570864181812 ], [ 110.361960297207304, -7.784580884570773 ], [ 110.361966719073578, -7.784593501669876 ], [ 110.361968917331581, -7.784607480429716 ], [ 110.36196667680008, -7.784621452511912 ], [ 110.361960216797542, -7.784634050231602 ], [ 110.361950169673776, -7.784644040436041 ], [ 110.361937518911333, -7.784650445214178 ], [ 110.361923502855234, -7.784652637621584 ], [ 110.361909493495133, -7.784650403050083 ], [ 110.361896862165182, -7.784643960235234 ], [ 110.36188684530822, -7.784633939844806 ], [ 110.361880423443921, -7.784621322744661 ] ] ], [ [ [ 110.361708394870774, -7.78427485989915 ], [ 110.36170619662235, -7.784260881138581 ], [ 110.361708437159464, -7.784246909058068 ], [ 110.361714897162358, -7.784234311342114 ], [ 110.361724944280667, -7.78422432114272 ], [ 110.361737595032537, -7.784217916370023 ], [ 110.361751611074467, -7.78421572396763 ], [ 110.361765620419078, -7.78421795854315 ], [ 110.361778251734464, -7.78422440136084 ], [ 110.361788268579716, -7.784234421753028 ], [ 110.361794690436184, -7.784247038854096 ], [ 110.36179688868755, -7.784261017614447 ], [ 110.361794648153207, -7.78427498969565 ], [ 110.361788188151877, -7.784287587412937 ], [ 110.361778141033312, -7.784297577613799 ], [ 110.361765490279495, -7.78430398238754 ], [ 110.361751474234609, -7.784306174790151 ], [ 110.361737464887227, -7.78430394021394 ], [ 110.361724833570264, -7.784297497394916 ], [ 110.361714816725268, -7.78428747700126 ], [ 110.361708394870774, -7.78427485989915 ] ] ], [ [ [ 110.361824066887422, -7.784249995917537 ], [ 110.361817645030001, -7.784237378816838 ], [ 110.36181544677801, -7.784223400056534 ], [ 110.361817687311259, -7.784209427975113 ], [ 110.361824147310344, -7.784196830257159 ], [ 110.361834194425313, -7.784186840054878 ], [ 110.361846845174611, -7.784180435278683 ], [ 110.361860861215021, -7.784178242872528 ], [ 110.361874870559262, -7.784180477444389 ], [ 110.361887501875515, -7.784186920258882 ], [ 110.361897518722756, -7.784196940648647 ], [ 110.361903940582152, -7.784209557748301 ], [ 110.361906138837071, -7.784223536508388 ], [ 110.361903898306608, -7.784237508590498 ], [ 110.361897438309086, -7.784250106309785 ], [ 110.361887391193846, -7.784260096513536 ], [ 110.361874740442587, -7.784266501290769 ], [ 110.36186072439925, -7.784268693697144 ], [ 110.361846715052224, -7.78426645912459 ], [ 110.361834083734408, -7.784260016308766 ], [ 110.361824066887422, -7.784249995917537 ] ] ], [ [ [ 110.36145638519109, -7.784222718032372 ], [ 110.361454186951249, -7.784208739271162 ], [ 110.361456427496194, -7.784194767192602 ], [ 110.361462887505354, -7.784182169481 ], [ 110.361472934627827, -7.784172179287935 ], [ 110.36148558538126, -7.784165774522923 ], [ 110.361499601422082, -7.784163582128817 ], [ 110.361513610762955, -7.784165816712419 ], [ 110.361526242072401, -7.784172259537192 ], [ 110.361536258910036, -7.784182279934772 ], [ 110.361542680757992, -7.784194897039014 ], [ 110.36154487900076, -7.784208875800004 ], [ 110.361542638458602, -7.784222847879254 ], [ 110.361536178451004, -7.784235445592189 ], [ 110.361526131328276, -7.784245435786723 ], [ 110.361513480572867, -7.784251840552777 ], [ 110.361499464529118, -7.784254032947102 ], [ 110.361485455185459, -7.784251798362807 ], [ 110.361472823874465, -7.784245355536701 ], [ 110.361462807037071, -7.784235335137654 ], [ 110.36145638519109, -7.784222718032372 ] ] ], [ [ [ 110.36179129007941, -7.782945292398005 ], [ 110.361789091831554, -7.782931313637338 ], [ 110.36179133235531, -7.782917341554725 ], [ 110.361797792332212, -7.782904743834873 ], [ 110.361807839414496, -7.78289475363017 ], [ 110.361820490123776, -7.782888348851269 ], [ 110.361834506120786, -7.782886156442381 ], [ 110.361848515422466, -7.782888391011761 ], [ 110.361861146701173, -7.782894833824262 ], [ 110.361871163519567, -7.782904854212714 ], [ 110.361877585361626, -7.78291747131187 ], [ 110.361879783612409, -7.782931450072321 ], [ 110.361877543091438, -7.782945422155624 ], [ 110.361871083116085, -7.78295801987681 ], [ 110.361861036033545, -7.78296801008298 ], [ 110.36184838532229, -7.782974414862926 ], [ 110.361834369322352, -7.78297660727203 ], [ 110.361820360017887, -7.78297437270196 ], [ 110.361807728737617, -7.782967929888127 ], [ 110.361797711919493, -7.782957909498204 ], [ 110.36179129007941, -7.782945292398005 ] ] ], [ [ [ 110.361625162256516, -7.782956305385356 ], [ 110.361618740421818, -7.782943688282958 ], [ 110.361616542179746, -7.78292970952186 ], [ 110.361618782709144, -7.782915737440621 ], [ 110.361625242690963, -7.782903139723811 ], [ 110.361635289776956, -7.782893149523522 ], [ 110.361647940488396, -7.782886744749975 ], [ 110.361661956485776, -7.78288455234686 ], [ 110.36167596578602, -7.782886786921859 ], [ 110.361688597061644, -7.782893229739281 ], [ 110.361698613875546, -7.782903250131475 ], [ 110.36170503571222, -7.782915867232826 ], [ 110.361707233957219, -7.782929845993706 ], [ 110.361704993430607, -7.782943818075635 ], [ 110.361698533450351, -7.782956415793778 ], [ 110.361688486364102, -7.782966405995536 ], [ 110.361675835650686, -7.782972810770124 ], [ 110.361661819650394, -7.78297500317346 ], [ 110.36164781034735, -7.78297276859777 ], [ 110.361635179070191, -7.782966325779018 ], [ 110.361625162256516, -7.782956305385356 ] ] ], [ [ [ 110.362173796637848, -7.788075736939901 ], [ 110.362171598364256, -7.788061758181374 ], [ 110.362173838916604, -7.788047786101276 ], [ 110.362180298973612, -7.788035188384059 ], [ 110.362190346179688, -7.788025198181851 ], [ 110.362202997044321, -7.78801879340507 ], [ 110.362217013213026, -7.788016600997715 ], [ 110.362231022685961, -7.788018835567888 ], [ 110.3622436541187, -7.788025278380363 ], [ 110.362253671058824, -7.788035298767984 ], [ 110.362260092978417, -7.788047915865577 ], [ 110.36226229125495, -7.788061894623885 ], [ 110.362260050705373, -7.788075866704672 ], [ 110.362253590649928, -7.788088464423226 ], [ 110.362243543443597, -7.788098454626898 ], [ 110.362230892576989, -7.788104859404725 ], [ 110.362216876405355, -7.788107051812294 ], [ 110.362202866929636, -7.788104817241436 ], [ 110.362190235495333, -7.788098374427623 ], [ 110.362180218555466, -7.788088354038535 ], [ 110.362173796637848, -7.788075736939901 ] ] ], [ [ [ 110.362370892318268, -7.787893183961911 ], [ 110.362368694038523, -7.787879205203833 ], [ 110.36237093458297, -7.787865233121966 ], [ 110.362377394631096, -7.787852635400935 ], [ 110.362387441828176, -7.787842645193242 ], [ 110.362400092684581, -7.787836240409836 ], [ 110.36241410884665, -7.787834047995373 ], [ 110.362419945347639, -7.787834978939435 ], [ 110.362423265804395, -7.787828503724088 ], [ 110.362433312999855, -7.787818513515159 ], [ 110.362445963854938, -7.787812108730263 ], [ 110.362459980016069, -7.787809916314196 ], [ 110.362473989484158, -7.787812150875911 ], [ 110.362486620915277, -7.787818593681009 ], [ 110.36249663785712, -7.787828614063055 ], [ 110.362503059781645, -7.787841231157419 ], [ 110.362505258065809, -7.787855209915168 ], [ 110.362503017525839, -7.787869181998118 ], [ 110.362496557481009, -7.787881779721333 ], [ 110.362486510285308, -7.787891769931731 ], [ 110.362473859428249, -7.78789817471767 ], [ 110.36245984326419, -7.787900367133956 ], [ 110.362454006762164, -7.787899436190366 ], [ 110.362450686305209, -7.787905911405927 ], [ 110.362440639107888, -7.787915901615089 ], [ 110.362427988249493, -7.787922306399536 ], [ 110.362413972084497, -7.787924498814219 ], [ 110.362399962613196, -7.787922264250258 ], [ 110.362387331180642, -7.787915821442464 ], [ 110.362377314239694, -7.78790580105792 ], [ 110.362370892318268, -7.787893183961911 ] ] ], [ [ [ 110.362316338653841, -7.787733922462775 ], [ 110.362318579198828, -7.787719950381162 ], [ 110.362325039245889, -7.787707352660791 ], [ 110.362335086440353, -7.787697362454092 ], [ 110.362347737292907, -7.787690957671916 ], [ 110.362361753450202, -7.787688765258801 ], [ 110.362375762913544, -7.787690999823401 ], [ 110.362388394339419, -7.787697442631052 ], [ 110.362398411276118, -7.787707463015052 ], [ 110.362398415362193, -7.787707471042916 ], [ 110.362403241853855, -7.787698058909884 ], [ 110.362413289046401, -7.787688068701158 ], [ 110.362425939897648, -7.787681663916527 ], [ 110.362439956054445, -7.787679471500768 ], [ 110.362453965518114, -7.787681706062796 ], [ 110.362466596945112, -7.78768814886819 ], [ 110.362476613883601, -7.787698169250482 ], [ 110.362483035805823, -7.787710786345015 ], [ 110.362485234088993, -7.787724765102843 ], [ 110.36248299354942, -7.787738737185777 ], [ 110.362476533506324, -7.78775133490888 ], [ 110.362466486313537, -7.787761325119075 ], [ 110.362453835460315, -7.787767729904749 ], [ 110.36243981930059, -7.787769922320727 ], [ 110.36242580983415, -7.787767687758011 ], [ 110.362413178405575, -7.787761244951279 ], [ 110.362403161467327, -7.787751224567522 ], [ 110.362403157381252, -7.78775121653966 ], [ 110.362398330888894, -7.787760628672618 ], [ 110.362388283694159, -7.787770618880785 ], [ 110.362375632839644, -7.787777023664004 ], [ 110.362361616679408, -7.787779216077339 ], [ 110.36234760721328, -7.787776981512045 ], [ 110.362334975785828, -7.787770538703063 ], [ 110.362324958849399, -7.787760518317592 ], [ 110.362318536931468, -7.787747901221014 ], [ 110.362316338653841, -7.787733922462775 ] ] ], [ [ [ 110.362237484403295, -7.787660895111798 ], [ 110.362231062489357, -7.787648278014166 ], [ 110.362228864214927, -7.787634299255684 ], [ 110.362231104761975, -7.787620327174665 ], [ 110.36223756480976, -7.787607729455656 ], [ 110.362247612003571, -7.78759773925096 ], [ 110.362260262854122, -7.787591334471229 ], [ 110.362274279008304, -7.787589142060765 ], [ 110.362288288467667, -7.787591376627964 ], [ 110.362300919889151, -7.787597819437899 ], [ 110.362310936821416, -7.787607839823653 ], [ 110.362317358737315, -7.787620456920241 ], [ 110.362319557014686, -7.787634435678502 ], [ 110.362317316470424, -7.787648407760213 ], [ 110.362310856424202, -7.78766100548056 ], [ 110.362300809230135, -7.787670995686726 ], [ 110.362288158377609, -7.787677400467495 ], [ 110.3622741422205, -7.78767959287818 ], [ 110.362260132758351, -7.787677358310289 ], [ 110.362247501335304, -7.787670915499024 ], [ 110.362237484403295, -7.787660895111798 ] ] ], [ [ [ 110.362208019923685, -7.787533125053899 ], [ 110.362201598012305, -7.787520507955978 ], [ 110.362199399739183, -7.78750652919739 ], [ 110.362201640286173, -7.787492557116466 ], [ 110.362208100332523, -7.787479959397743 ], [ 110.362218147523706, -7.787469969193497 ], [ 110.362230798370646, -7.787463564414333 ], [ 110.362244814520579, -7.787461372004499 ], [ 110.362258823975523, -7.787463606572326 ], [ 110.362271455392815, -7.787470049382831 ], [ 110.362281472321541, -7.78748006976904 ], [ 110.362287894234882, -7.78749268686592 ], [ 110.362290092510946, -7.78750666562429 ], [ 110.362287851966741, -7.787520637705902 ], [ 110.36228139192194, -7.787533235425959 ], [ 110.362271344730516, -7.787543225631678 ], [ 110.362258693881614, -7.78754963041188 ], [ 110.362244677728739, -7.787551822821936 ], [ 110.36223066827101, -7.787549588253415 ], [ 110.362218036852155, -7.787543145441577 ], [ 110.362208019923685, -7.787533125053899 ] ] ], [ [ [ 110.361907494848822, -7.787469482224983 ], [ 110.361901072947632, -7.787456865123273 ], [ 110.361898874684755, -7.787442886363922 ], [ 110.361901115241054, -7.787428914285327 ], [ 110.361907575294893, -7.787416316571791 ], [ 110.361917622490964, -7.787406326375091 ], [ 110.361930273339752, -7.787399921605093 ], [ 110.361944289488292, -7.787397729205141 ], [ 110.36195829893876, -7.787399963782608 ], [ 110.361970930348903, -7.787406406601561 ], [ 110.36198094726852, -7.787416426994198 ], [ 110.361987369171686, -7.787429044094865 ], [ 110.361989567437504, -7.787443022853999 ], [ 110.361987326883977, -7.787456994933283 ], [ 110.361980866831686, -7.787469592648152 ], [ 110.361970819635374, -7.787479582846324 ], [ 110.361958168784625, -7.787485987617364 ], [ 110.361944152633129, -7.787488180017532 ], [ 110.361930143179904, -7.787485945439373 ], [ 110.361917511768183, -7.787479502619092 ], [ 110.361907494848822, -7.787469482224983 ] ] ], [ [ [ 110.362046715850141, -7.787423472267822 ], [ 110.362044517582461, -7.787409493508826 ], [ 110.362046758133729, -7.787395521429031 ], [ 110.362053218182808, -7.787382923712864 ], [ 110.362063265374857, -7.78737293351235 ], [ 110.362075916220718, -7.787366528737738 ], [ 110.362089932367795, -7.787364336332815 ], [ 110.362103941818319, -7.787366570905447 ], [ 110.362116573230082, -7.78737301372017 ], [ 110.362126590152712, -7.787383034109597 ], [ 110.362133012059999, -7.787395651208386 ], [ 110.362135210330621, -7.787409629967164 ], [ 110.36213296978211, -7.787423602047649 ], [ 110.362126509734594, -7.787436199765147 ], [ 110.362116462542303, -7.78744618996713 ], [ 110.362103811694467, -7.787452594742787 ], [ 110.362089795544463, -7.787454787147926 ], [ 110.362075786091154, -7.787452552574607 ], [ 110.362063154677827, -7.787446109758551 ], [ 110.362053137755453, -7.787436089367651 ], [ 110.362046715850141, -7.787423472267822 ] ] ], [ [ [ 110.362501094207872, -7.787373065443197 ], [ 110.362498895925057, -7.787359086685326 ], [ 110.362501136461077, -7.787345114601858 ], [ 110.362507596496243, -7.787332516877576 ], [ 110.362517643677108, -7.787322526665299 ], [ 110.362530294515608, -7.787316121876431 ], [ 110.362544310659828, -7.787313929456156 ], [ 110.362558320112342, -7.787316164013839 ], [ 110.362570951530699, -7.787322606815472 ], [ 110.362580968463902, -7.787332627194966 ], [ 110.362587390384689, -7.787345244287943 ], [ 110.362589588670431, -7.787359223045593 ], [ 110.362587348137211, -7.787373195129753 ], [ 110.362580888103594, -7.787385792855368 ], [ 110.362570840922487, -7.78739578306911 ], [ 110.362558190082012, -7.787402187859024 ], [ 110.36254417393485, -7.787404380279519 ], [ 110.362530164479566, -7.787402145721146 ], [ 110.362517533059645, -7.787395702918173 ], [ 110.362507516126698, -7.787385682537214 ], [ 110.362501094207872, -7.787373065443197 ] ] ], [ [ [ 110.362533316516704, -7.787262029032957 ], [ 110.362532198623114, -7.787259832715987 ], [ 110.36252199937087, -7.787264996331749 ], [ 110.362507983228241, -7.787267188751411 ], [ 110.362493973777745, -7.787264954192219 ], [ 110.3624813423624, -7.787258511388503 ], [ 110.362471325433376, -7.787248491006955 ], [ 110.362464903517449, -7.787235873912563 ], [ 110.362462705236197, -7.787221895154573 ], [ 110.362464945772288, -7.78720792307124 ], [ 110.362471405806062, -7.787195325347346 ], [ 110.36248145298417, -7.787185335135674 ], [ 110.362494103818861, -7.787178930347554 ], [ 110.362508119958548, -7.787176737928108 ], [ 110.362522129406258, -7.787178972486612 ], [ 110.362534760820054, -7.787185415288994 ], [ 110.362544777749335, -7.787195435669073 ], [ 110.362545895642825, -7.787197631986007 ], [ 110.362556094893122, -7.787192468369502 ], [ 110.362570111033122, -7.787190275948016 ], [ 110.36258412048177, -7.787192510504536 ], [ 110.362596751897044, -7.787198953305173 ], [ 110.362606768828215, -7.78720897368393 ], [ 110.36261319074822, -7.787221590776494 ], [ 110.362615389034517, -7.787235569534113 ], [ 110.362613148503115, -7.787249541618609 ], [ 110.362606688472454, -7.787262139344906 ], [ 110.362596641295085, -7.787272129559603 ], [ 110.362583990458802, -7.787278534350659 ], [ 110.362569974315861, -7.787280726772359 ], [ 110.362555964864441, -7.787278492215151 ], [ 110.362543333447604, -7.787272049413179 ], [ 110.362533316516704, -7.787262029032957 ] ] ], [ [ [ 110.362056420840531, -7.787246015329401 ], [ 110.362054222572979, -7.787232036570387 ], [ 110.362056463122499, -7.787218064490325 ], [ 110.362062923168168, -7.787205466773662 ], [ 110.362072970355413, -7.787195476572474 ], [ 110.362085621195632, -7.787189071797074 ], [ 110.362099637336698, -7.787186879391334 ], [ 110.362110009037465, -7.787188533726088 ], [ 110.362110434883888, -7.787185878142743 ], [ 110.362116894927411, -7.78717328042507 ], [ 110.362126942112667, -7.787163290222423 ], [ 110.362139592951181, -7.78715688544526 ], [ 110.362153609091024, -7.78715469303762 ], [ 110.362167618535196, -7.787156927607635 ], [ 110.362172959248724, -7.787159651707721 ], [ 110.362174888531939, -7.787155889414895 ], [ 110.36218493571549, -7.787145899210725 ], [ 110.362197586552739, -7.78713949443171 ], [ 110.362211602691843, -7.787137302022079 ], [ 110.362225612135902, -7.787139536590157 ], [ 110.362238243543288, -7.787145979400922 ], [ 110.362248260464099, -7.787155999787378 ], [ 110.362254682372253, -7.787168616884474 ], [ 110.362256880646399, -7.787182595643 ], [ 110.3622546401037, -7.787196567724702 ], [ 110.362248180063702, -7.787209165444763 ], [ 110.362238132879895, -7.787219155650408 ], [ 110.362225482040699, -7.787225560430464 ], [ 110.362211465898639, -7.787227752840311 ], [ 110.36219745645181, -7.787225518271544 ], [ 110.362192115737287, -7.787222794171692 ], [ 110.362190186453859, -7.787226556464573 ], [ 110.362180139268361, -7.787236546668686 ], [ 110.362167488427872, -7.787242951446894 ], [ 110.362153472285087, -7.787245143854753 ], [ 110.362143100582685, -7.787243489520935 ], [ 110.36214267473639, -7.787246145104315 ], [ 110.362136214692285, -7.787258742822314 ], [ 110.362126167504783, -7.78726873302497 ], [ 110.362113516662603, -7.78727513780141 ], [ 110.362099500518596, -7.787277330207372 ], [ 110.362085491071028, -7.787275095634825 ], [ 110.362072859662632, -7.787268652819424 ], [ 110.362062842743882, -7.787258632428997 ], [ 110.362056420840531, -7.787246015329401 ] ] ], [ [ [ 110.362245868901624, -7.786771698394053 ], [ 110.362243670628899, -7.786757719635406 ], [ 110.362245911168444, -7.786743747553318 ], [ 110.362252371200256, -7.786731149832439 ], [ 110.362262418371159, -7.786721159625262 ], [ 110.362275069194141, -7.786714754842682 ], [ 110.362289085318778, -7.786712562429275 ], [ 110.362303094749521, -7.786714796993726 ], [ 110.362315726146093, -7.786721239801375 ], [ 110.362325743059614, -7.786731260185534 ], [ 110.362332164964769, -7.78674387728137 ], [ 110.362334363240421, -7.786757856039798 ], [ 110.362332122703663, -7.786771828122576 ], [ 110.362325662673413, -7.786784425844786 ], [ 110.362315615502254, -7.786794416053432 ], [ 110.362302964677298, -7.786800820837055 ], [ 110.362288948549747, -7.78680301325068 ], [ 110.362274939116219, -7.78680077868554 ], [ 110.362262307718069, -7.78679433587656 ], [ 110.362252290804804, -7.78678431549093 ], [ 110.362245868901624, -7.786771698394053 ] ] ], [ [ [ 110.362271369153575, -7.786648551558252 ], [ 110.362264947251546, -7.786635934461702 ], [ 110.362262748978509, -7.78662195570307 ], [ 110.362264989516348, -7.786607983620686 ], [ 110.362271449545204, -7.786595385899224 ], [ 110.3622814967122, -7.786585395691234 ], [ 110.36229414753069, -7.786578990907691 ], [ 110.36230816365071, -7.786576798493262 ], [ 110.362322173077146, -7.786579033056738 ], [ 110.36233480447018, -7.786585475863557 ], [ 110.362344821381228, -7.786595496247102 ], [ 110.362351243285218, -7.78660811334261 ], [ 110.362353441561183, -7.786622092101024 ], [ 110.362351201026129, -7.786636064184099 ], [ 110.36234474099885, -7.786648661906893 ], [ 110.362334693831585, -7.786658652116352 ], [ 110.362322043011119, -7.786665056900937 ], [ 110.362308026888172, -7.786667249315586 ], [ 110.36229401745895, -7.786665014751416 ], [ 110.362281386064367, -7.786658571943266 ], [ 110.362271369153575, -7.786648551558252 ] ] ], [ [ [ 110.36215726212356, -7.786529558448289 ], [ 110.362155063854416, -7.786515579689365 ], [ 110.362157304394913, -7.786501607607722 ], [ 110.362163764424963, -7.786489009887966 ], [ 110.362173811591575, -7.786479019682482 ], [ 110.362186462408118, -7.786472614901993 ], [ 110.362190545087458, -7.786471976286387 ], [ 110.362190752287376, -7.78647157222524 ], [ 110.36220079945295, -7.786461582019021 ], [ 110.362213450268612, -7.786455177237647 ], [ 110.362227466384653, -7.786452984825572 ], [ 110.3622414758064, -7.786455219391362 ], [ 110.362254107194431, -7.78646166220022 ], [ 110.362259798443176, -7.7864673554256 ], [ 110.36226955719664, -7.786457651993162 ], [ 110.362282208011294, -7.78645124720964 ], [ 110.362296224127036, -7.786449054795257 ], [ 110.362310233549195, -7.786451289358793 ], [ 110.362322864938335, -7.78645773216568 ], [ 110.362332881846299, -7.786467752549298 ], [ 110.362339303748286, -7.786480369644878 ], [ 110.36234150202354, -7.786494348403349 ], [ 110.362339261489112, -7.78650832048647 ], [ 110.362332801463751, -7.786520918209286 ], [ 110.362322754299527, -7.786530908418746 ], [ 110.362310103482884, -7.786537313203306 ], [ 110.362296087364214, -7.786539505617914 ], [ 110.36228207793927, -7.786537271053684 ], [ 110.362269446548581, -7.786530828245468 ], [ 110.362263755298898, -7.786525135020151 ], [ 110.362253996543629, -7.786534838452289 ], [ 110.362241345726005, -7.786541243234705 ], [ 110.362237263046026, -7.786541881850748 ], [ 110.362237055846109, -7.78654228591192 ], [ 110.362227008679241, -7.786552276118877 ], [ 110.362214357860722, -7.786558680900405 ], [ 110.362200341741101, -7.786560873311746 ], [ 110.362186332316227, -7.786558638744338 ], [ 110.36217370092659, -7.786552195933341 ], [ 110.362163684020885, -7.786542175546141 ], [ 110.36215726212356, -7.786529558448289 ] ] ], [ [ [ 110.362654706687493, -7.786526273016425 ], [ 110.362652508401652, -7.786512294258741 ], [ 110.362654748925863, -7.786498322173132 ], [ 110.362661208941603, -7.786485724444588 ], [ 110.3626712560973, -7.786475734226352 ], [ 110.362683906907392, -7.786469329430401 ], [ 110.362693237352389, -7.786467869944259 ], [ 110.362686102301808, -7.786464230625465 ], [ 110.362676085384848, -7.786454210249516 ], [ 110.362669663472701, -7.786441593158241 ], [ 110.362667465186576, -7.786427614400577 ], [ 110.362669705709621, -7.786413642314757 ], [ 110.362676165723428, -7.786401044585796 ], [ 110.362686212876625, -7.786391054366975 ], [ 110.362698863683889, -7.786384649570327 ], [ 110.362712879796334, -7.786382457141806 ], [ 110.362726889219644, -7.786384691691585 ], [ 110.362739520614241, -7.786391134486431 ], [ 110.362749537531442, -7.786401154860911 ], [ 110.362755959445579, -7.786413771951143 ], [ 110.362758157734646, -7.78642775070859 ], [ 110.362755917214372, -7.786441722795097 ], [ 110.362749457202128, -7.786454320525393 ], [ 110.362739410048675, -7.786464310745686 ], [ 110.362726759239436, -7.786470715543374 ], [ 110.36271742879444, -7.786472175030259 ], [ 110.362724563845461, -7.786475814348554 ], [ 110.36273458076414, -7.786485834723486 ], [ 110.362741002678888, -7.786498451813961 ], [ 110.362743200967643, -7.786512430571422 ], [ 110.362740960446217, -7.786526402657723 ], [ 110.36273450043204, -7.786539000387599 ], [ 110.362724453276087, -7.786548990607304 ], [ 110.36271180246402, -7.786555395404296 ], [ 110.362697786345748, -7.786557587832299 ], [ 110.362683776916995, -7.786555353281129 ], [ 110.362671145518675, -7.786548910484339 ], [ 110.362661128600266, -7.786538890107943 ], [ 110.362654706687493, -7.786526273016425 ] ] ], [ [ [ 110.36268978551162, -7.786309026829025 ], [ 110.362683363600894, -7.786296409738018 ], [ 110.362681165314669, -7.786282430980354 ], [ 110.362683405836094, -7.786268458894269 ], [ 110.36268740263813, -7.786260664692187 ], [ 110.362686598230013, -7.786255549514022 ], [ 110.362688838751055, -7.786241577427861 ], [ 110.362695298761253, -7.786228979698248 ], [ 110.362705345909603, -7.786218989478522 ], [ 110.362717996711254, -7.786212584680812 ], [ 110.362732012817858, -7.786210392251173 ], [ 110.362746022235683, -7.786212626799879 ], [ 110.36275865362569, -7.786219069593816 ], [ 110.362768670539623, -7.786229089967632 ], [ 110.362775092452139, -7.786241707057507 ], [ 110.36277729074142, -7.786255685814946 ], [ 110.362775050223163, -7.786269657901797 ], [ 110.362771053422577, -7.786277452104827 ], [ 110.362771857831746, -7.786282567282911 ], [ 110.362769617313106, -7.786296539369685 ], [ 110.362763157303831, -7.786309137100488 ], [ 110.362753110154401, -7.786319127321479 ], [ 110.36274045934988, -7.78632553211999 ], [ 110.362726443239424, -7.786327724549591 ], [ 110.362712433817975, -7.786325489999948 ], [ 110.362699802425738, -7.786319047204466 ], [ 110.36268978551162, -7.786309026829025 ] ] ], [ [ [ 110.362029878629613, -7.786077621044681 ], [ 110.362027680365884, -7.786063642285334 ], [ 110.36202992090692, -7.786049670204214 ], [ 110.362036380932594, -7.786037072485884 ], [ 110.362046428090352, -7.786027082282576 ], [ 110.362059078894404, -7.786020677504812 ], [ 110.362073094996205, -7.786018485096695 ], [ 110.362087104402477, -7.786020719666394 ], [ 110.362099735775288, -7.78602716247874 ], [ 110.362109752668118, -7.786037182866575 ], [ 110.36211617455767, -7.786049799964716 ], [ 110.362118372824341, -7.786063778723843 ], [ 110.362116132286076, -7.786077750805656 ], [ 110.362109672261965, -7.786090348525319 ], [ 110.362099625103966, -7.786100338730092 ], [ 110.362086974297938, -7.786106743508898 ], [ 110.362072958193195, -7.786108935917238 ], [ 110.362058948784153, -7.786106701346846 ], [ 110.362046317409764, -7.786100258533168 ], [ 110.36203630051719, -7.786090238143864 ], [ 110.362029878629613, -7.786077621044681 ] ] ], [ [ [ 110.362792567972122, -7.786091375273989 ], [ 110.362786146060984, -7.786078758184432 ], [ 110.36278394777186, -7.786064779426972 ], [ 110.362786188288197, -7.786050807339832 ], [ 110.362792648292228, -7.78603820960815 ], [ 110.362802695433558, -7.786028219385479 ], [ 110.36281534622799, -7.78602181458422 ], [ 110.362829362327929, -7.786019622150792 ], [ 110.362843371740283, -7.786021856695831 ], [ 110.362856003126524, -7.786028299486581 ], [ 110.362866020038794, -7.786038319858006 ], [ 110.362872441951922, -7.786050936946524 ], [ 110.362874640243973, -7.786064915703761 ], [ 110.362872399730421, -7.786078887791595 ], [ 110.362865939727939, -7.786091485524608 ], [ 110.362855892586367, -7.786101475748753 ], [ 110.36284324178996, -7.786107880551043 ], [ 110.362829225687079, -7.786110072984699 ], [ 110.362815216271954, -7.786107838438967 ], [ 110.36280258488415, -7.786101395646882 ], [ 110.362792567972122, -7.786091375273989 ] ] ], [ [ [ 110.362815990469542, -7.785955110719574 ], [ 110.362813792179722, -7.785941131962165 ], [ 110.362816032694084, -7.785927159874651 ], [ 110.362822492695074, -7.785914562142215 ], [ 110.362832539832567, -7.785904571918482 ], [ 110.362845190622764, -7.785898167115963 ], [ 110.362859206718468, -7.785895974681187 ], [ 110.362873216126985, -7.785898209224936 ], [ 110.362885847510213, -7.785904652014571 ], [ 110.362895864420565, -7.785914672385171 ], [ 110.362902286333025, -7.785927289473229 ], [ 110.362904484625773, -7.78594126823042 ], [ 110.362902244114196, -7.785955240318621 ], [ 110.36289578411477, -7.78596783805239 ], [ 110.36288573697702, -7.785977828277592 ], [ 110.362873086184862, -7.785984233081154 ], [ 110.362859070086216, -7.785986425516149 ], [ 110.362845060674914, -7.785984190971711 ], [ 110.362832429290123, -7.785977748180741 ], [ 110.362822412380027, -7.785967727808675 ], [ 110.362815990469542, -7.785955110719574 ] ] ], [ [ [ 110.362503607052901, -7.785710617798633 ], [ 110.362501408774179, -7.785696639040387 ], [ 110.362503649296798, -7.785682666955095 ], [ 110.362510109302391, -7.785670069227726 ], [ 110.362520156440368, -7.785660079011409 ], [ 110.362532807226927, -7.785653674217927 ], [ 110.362546823315185, -7.785651481792925 ], [ 110.362560832713214, -7.785653716346229 ], [ 110.36257346408388, -7.785660159144268 ], [ 110.362583480980874, -7.785670179521289 ], [ 110.362589902880487, -7.785682796613164 ], [ 110.362592101162122, -7.785696775371195 ], [ 110.362589860642288, -7.785710747457176 ], [ 110.362583400638258, -7.785723345185874 ], [ 110.362573353500011, -7.785733335403664 ], [ 110.362560702711491, -7.785739740198185 ], [ 110.362546686620291, -7.785741932623409 ], [ 110.362532677219491, -7.785739698069413 ], [ 110.362520045847262, -7.785733255270045 ], [ 110.362510028950524, -7.785723234891551 ], [ 110.362503607052901, -7.785710617798633 ] ] ], [ [ [ 110.362455183843906, -7.785441483546196 ], [ 110.362448761951583, -7.785428866452762 ], [ 110.362446563675434, -7.785414887694311 ], [ 110.362448804197584, -7.785400915609152 ], [ 110.362455264199738, -7.785388317882236 ], [ 110.362465311331661, -7.785378327666647 ], [ 110.36247796211012, -7.785371922874102 ], [ 110.362491978189041, -7.785369730450151 ], [ 110.362505987577379, -7.785371965004511 ], [ 110.362518618938992, -7.78537840780352 ], [ 110.362528635828426, -7.785388428181322 ], [ 110.362535057722724, -7.785401045273715 ], [ 110.362537256001829, -7.785415024031948 ], [ 110.36253501548245, -7.785428996117795 ], [ 110.362528555481845, -7.785441593846041 ], [ 110.362518508349666, -7.785451584063102 ], [ 110.362505857569246, -7.78545798885669 ], [ 110.362491841487383, -7.785460181280862 ], [ 110.362477832096275, -7.785457946725806 ], [ 110.362465200733084, -7.785451503925466 ], [ 110.362455183843906, -7.785441483546196 ] ] ], [ [ [ 110.362204941352928, -7.784863817570855 ], [ 110.362202743086371, -7.784849838811665 ], [ 110.362204983611974, -7.784835866727837 ], [ 110.362211443611088, -7.784823269004191 ], [ 110.362221490733774, -7.784813278793495 ], [ 110.36223414149768, -7.784806874006978 ], [ 110.362248157558199, -7.784804681589613 ], [ 110.362262166926072, -7.784806916150464 ], [ 110.362274798267151, -7.784813358955233 ], [ 110.362284815137997, -7.784823379337503 ], [ 110.362291237017473, -7.784835996432635 ], [ 110.362293435286972, -7.78484997519161 ], [ 110.36229119476414, -7.784863947276127 ], [ 110.36228473476659, -7.784876545001103 ], [ 110.362274687643662, -7.784886535213273 ], [ 110.36226203687778, -7.784892940000826 ], [ 110.36224802081432, -7.784895132418415 ], [ 110.362234011443675, -7.784892897856869 ], [ 110.362221380101019, -7.78488645505077 ], [ 110.362211363230429, -7.784876434667029 ], [ 110.362204941352928, -7.784863817570855 ] ] ], [ [ [ 110.36294123943081, -7.784696864009392 ], [ 110.362939041139953, -7.784682885252006 ], [ 110.362941281640147, -7.784668913162131 ], [ 110.362947741615216, -7.784656315425186 ], [ 110.362957788717594, -7.784646325195232 ], [ 110.362970439466906, -7.784639920385394 ], [ 110.36298445551995, -7.784637727942917 ], [ 110.362998464888236, -7.784639962479328 ], [ 110.363011096237557, -7.784646405262721 ], [ 110.363021113123665, -7.784656425628774 ], [ 110.363027535023932, -7.784669042714432 ], [ 110.363029733317717, -7.784683021471599 ], [ 110.363027492820294, -7.784696993562163 ], [ 110.363021032846788, -7.784709591300442 ], [ 110.363010985744168, -7.784719581531863 ], [ 110.362998334992895, -7.784725986342743 ], [ 110.362984318936896, -7.784728178785442 ], [ 110.362970309565853, -7.784725944248339 ], [ 110.362957678214954, -7.784719501463614 ], [ 110.362947661329102, -7.784709481096092 ], [ 110.36294123943081, -7.784696864009392 ] ] ], [ [ [ 110.362295258372271, -7.784668166177688 ], [ 110.362288836494827, -7.784655549082714 ], [ 110.362286638225982, -7.784641570323685 ], [ 110.362288878747165, -7.784627598238962 ], [ 110.362295338740182, -7.784615000513458 ], [ 110.362305385855677, -7.784605010300111 ], [ 110.362318036612024, -7.784598605510422 ], [ 110.362332052665323, -7.784596413089662 ], [ 110.362346062027029, -7.784598647647242 ], [ 110.362358693363618, -7.784605090449174 ], [ 110.36236871023209, -7.784615110829322 ], [ 110.362375132111495, -7.784627727923253 ], [ 110.362377330383282, -7.784641706682063 ], [ 110.362375089864869, -7.784655678767476 ], [ 110.362368629873416, -7.784668276494315 ], [ 110.362358582757665, -7.784678266709131 ], [ 110.362345931999357, -7.78468467149986 ], [ 110.362331915943116, -7.784686863920835 ], [ 110.362317906578639, -7.784684629362567 ], [ 110.362305275240473, -7.784678186559303 ], [ 110.362295258372271, -7.784668166177688 ] ] ], [ [ [ 110.362491597036723, -7.784606921934731 ], [ 110.362493837550943, -7.784592949848337 ], [ 110.36250029753748, -7.784580352119152 ], [ 110.362510344647617, -7.784570361900474 ], [ 110.362522995400269, -7.784563957104326 ], [ 110.362537011451877, -7.784561764676609 ], [ 110.36254409501008, -7.78456289453329 ], [ 110.362547516399147, -7.784556222422092 ], [ 110.362557563507636, -7.784546232202144 ], [ 110.362570214258938, -7.784539827404465 ], [ 110.362584230309622, -7.7845376349751 ], [ 110.362598239671428, -7.784539869524307 ], [ 110.362610871010787, -7.784546312318914 ], [ 110.362620887884447, -7.784556332693504 ], [ 110.362627309770957, -7.784568949784189 ], [ 110.362629508051057, -7.784582928542384 ], [ 110.362627267541356, -7.784596900629867 ], [ 110.362620807558173, -7.784609498361263 ], [ 110.362610760449428, -7.784619488582678 ], [ 110.362598109696165, -7.784625893381399 ], [ 110.362584093642539, -7.784628085810983 ], [ 110.362577010083101, -7.784626955954877 ], [ 110.36257358869382, -7.784633628066285 ], [ 110.362563541583427, -7.784643618286432 ], [ 110.3625508908288, -7.784650023083622 ], [ 110.362536874774264, -7.784652215511553 ], [ 110.362522865409261, -7.784649980960057 ], [ 110.36251023406848, -7.784643538162719 ], [ 110.362500217195759, -7.784633517785599 ], [ 110.362493795312375, -7.78462090069326 ], [ 110.362491597036723, -7.784606921934731 ] ] ], [ [ [ 110.362232155385911, -7.784498666609293 ], [ 110.362225733512602, -7.784486049513629 ], [ 110.362223535246287, -7.7844720707544 ], [ 110.362225775768195, -7.784458098669998 ], [ 110.362232235760004, -7.784445500945294 ], [ 110.362242282872501, -7.78443551073316 ], [ 110.362254933624357, -7.78442910594497 ], [ 110.362268949672114, -7.784426913525849 ], [ 110.362282959027766, -7.784429148085048 ], [ 110.362295590358372, -7.784435590888421 ], [ 110.362305607221529, -7.784445611269692 ], [ 110.362312029096813, -7.784458228364316 ], [ 110.362314227366042, -7.784472207123323 ], [ 110.362311986846933, -7.78448617920842 ], [ 110.362305526856673, -7.784498776934455 ], [ 110.362295479743921, -7.784508767148058 ], [ 110.362282828990104, -7.784515171937286 ], [ 110.362268812939405, -7.784517364356628 ], [ 110.362254803580981, -7.784515129796739 ], [ 110.362242172248813, -7.784508686992035 ], [ 110.362232155385911, -7.784498666609293 ] ] ], [ [ [ 110.362614293173635, -7.784276894487224 ], [ 110.3626120948948, -7.784262915728922 ], [ 110.362614335402327, -7.784248943641195 ], [ 110.362620795379314, -7.784236345909253 ], [ 110.362630842477969, -7.784226355686667 ], [ 110.362643493218343, -7.784219950885838 ], [ 110.362657509258071, -7.784217758453128 ], [ 110.362671518609986, -7.784219992999118 ], [ 110.362684149941472, -7.784226435790953 ], [ 110.36269416681003, -7.784236456163492 ], [ 110.362700588694722, -7.784249073253039 ], [ 110.362702786976499, -7.784263052011124 ], [ 110.362700546471743, -7.78427702409954 ], [ 110.362694086496319, -7.784289621832814 ], [ 110.362684039397408, -7.784299612056868 ], [ 110.362671388655073, -7.78430601685874 ], [ 110.362657372612389, -7.784308209291667 ], [ 110.362643363257718, -7.784305974744989 ], [ 110.362630731924668, -7.784299531951818 ], [ 110.362620715056366, -7.784289511577814 ], [ 110.362614293173635, -7.784276894487224 ] ] ], [ [ [ 110.362638823403657, -7.784101476486073 ], [ 110.362636625124438, -7.784087497727791 ], [ 110.362638865629748, -7.784073525639682 ], [ 110.362645325602927, -7.784060927906985 ], [ 110.362655372696537, -7.784050937683349 ], [ 110.362662140650428, -7.784047511210047 ], [ 110.362661523607159, -7.784046893950612 ], [ 110.362655101726247, -7.784034276860697 ], [ 110.362653350676808, -7.784023142018237 ], [ 110.362643792845034, -7.784021617506252 ], [ 110.362631161520127, -7.784015174713702 ], [ 110.362621144658021, -7.784005154340117 ], [ 110.362614722778915, -7.783992537249721 ], [ 110.36261252450079, -7.783978558491349 ], [ 110.362614765006015, -7.783964586403313 ], [ 110.362621224977929, -7.783951988670847 ], [ 110.362631272069279, -7.783941998447565 ], [ 110.362643922800771, -7.783935593645947 ], [ 110.362657938830935, -7.783933401212431 ], [ 110.362671948173514, -7.783935635757671 ], [ 110.362684579496843, -7.783942078548892 ], [ 110.362694596359219, -7.783952098921006 ], [ 110.362701018240301, -7.783964716010364 ], [ 110.362702769290905, -7.783975850852743 ], [ 110.362709795926861, -7.783976971628059 ], [ 110.362710465336392, -7.783972797095334 ], [ 110.362716925305719, -7.78396019936119 ], [ 110.36272163080524, -7.783955520493593 ], [ 110.362720416302011, -7.783947797530981 ], [ 110.36272265680347, -7.783933825442052 ], [ 110.36272911677176, -7.783921227707623 ], [ 110.362739163859956, -7.783911237481504 ], [ 110.362751814589103, -7.783904832676455 ], [ 110.362765830617974, -7.783902640239241 ], [ 110.362779839960396, -7.783904874780887 ], [ 110.362792471284763, -7.783911317568958 ], [ 110.362802488149214, -7.783921337938688 ], [ 110.362808910033266, -7.783933955026654 ], [ 110.362811108317871, -7.783947933784543 ], [ 110.362808867819197, -7.783961905874158 ], [ 110.36280240785247, -7.78397450360992 ], [ 110.362797702353546, -7.783979182478465 ], [ 110.362798916858239, -7.783986905440969 ], [ 110.362796676358869, -7.784000877530446 ], [ 110.36279021639109, -7.784013475265924 ], [ 110.362780169301374, -7.7840234654931 ], [ 110.362767518568887, -7.784029870298712 ], [ 110.362753502535739, -7.784032062735628 ], [ 110.362742024384815, -7.784030231927916 ], [ 110.362741354975455, -7.784034406460699 ], [ 110.362734895005502, -7.784047004195139 ], [ 110.362724847913711, -7.78405699442082 ], [ 110.362718079960089, -7.78406042089515 ], [ 110.362718697003487, -7.784061038154511 ], [ 110.362725118886715, -7.784073655243632 ], [ 110.362727317168861, -7.784087634001697 ], [ 110.362725076666322, -7.784101606090496 ], [ 110.362718616694707, -7.784114203824525 ], [ 110.362708569600841, -7.78412419404963 ], [ 110.36269591886429, -7.784130598852739 ], [ 110.362681902827589, -7.784132791286978 ], [ 110.362667893478459, -7.784130556741553 ], [ 110.362655262150014, -7.784124113949458 ], [ 110.362645245284909, -7.784114093576239 ], [ 110.362638823403657, -7.784101476486073 ] ] ], [ [ [ 110.362464686985945, -7.784059370706045 ], [ 110.362458265111016, -7.784046753613623 ], [ 110.362456066838007, -7.784032774854873 ], [ 110.362458307348788, -7.784018802768143 ], [ 110.362464767326145, -7.784006205038532 ], [ 110.362474814422285, -7.783996214819386 ], [ 110.362487465157443, -7.783989810022779 ], [ 110.362501481189838, -7.78398761759465 ], [ 110.362515490532957, -7.783989852145132 ], [ 110.362528121855064, -7.78399629494093 ], [ 110.362538138714598, -7.784006315316521 ], [ 110.362544560591502, -7.784018932407903 ], [ 110.362546758867452, -7.784032911166434 ], [ 110.362544518359456, -7.784046883253854 ], [ 110.362538058383649, -7.784059480984795 ], [ 110.362528011287253, -7.784069471205406 ], [ 110.36251536055012, -7.784075876003061 ], [ 110.362501344514797, -7.784078068431407 ], [ 110.362487335168908, -7.784075833880235 ], [ 110.362474703845223, -7.784069391083102 ], [ 110.362464686985945, -7.784059370706045 ] ] ], [ [ [ 110.361908257140399, -7.784044582047361 ], [ 110.36190605888585, -7.784030603287235 ], [ 110.36190829941458, -7.784016631204883 ], [ 110.361914759407668, -7.784004033484979 ], [ 110.361924806515702, -7.783994043279914 ], [ 110.361937457257824, -7.78398763850038 ], [ 110.361951473291512, -7.783985446090651 ], [ 110.361965482630154, -7.78398768065906 ], [ 110.361978113942484, -7.783994123470558 ], [ 110.36198813078785, -7.784004143858075 ], [ 110.361994552647602, -7.784016760956454 ], [ 110.361996750905078, -7.784030739716358 ], [ 110.36199451037912, -7.784044711799401 ], [ 110.361988050387609, -7.784057309520637 ], [ 110.361978003279305, -7.784067299727171 ], [ 110.361965352535222, -7.784073704507747 ], [ 110.361951336498592, -7.784075896917694 ], [ 110.361937327157165, -7.784073662348594 ], [ 110.361924695843285, -7.784067219535762 ], [ 110.361914678998176, -7.784057199146778 ], [ 110.361908257140399, -7.784044582047361 ] ] ], [ [ [ 110.362877517033922, -7.784044694628871 ], [ 110.362875318746859, -7.784030715871169 ], [ 110.362877559243913, -7.784016743781097 ], [ 110.362884019209233, -7.784004146044085 ], [ 110.362894066296207, -7.783994155814201 ], [ 110.362906717025965, -7.783987751004563 ], [ 110.362920733057237, -7.783985558562398 ], [ 110.36293474240361, -7.783987793099205 ], [ 110.362947373733093, -7.783994235883033 ], [ 110.362957390603341, -7.784004256249522 ], [ 110.362963812493277, -7.784016873335571 ], [ 110.362966010783296, -7.78403085209305 ], [ 110.362963770289014, -7.784044824183814 ], [ 110.362957310325257, -7.784057421922158 ], [ 110.362947263238027, -7.784067412153507 ], [ 110.362934612506294, -7.78407381696419 ], [ 110.362920596472108, -7.784076009406577 ], [ 110.362906587122936, -7.784073774869078 ], [ 110.36289395579189, -7.784067332083914 ], [ 110.362883938921897, -7.784057311715959 ], [ 110.362877517033922, -7.784044694628871 ] ] ], [ [ [ 110.362682600186659, -7.783678702756905 ], [ 110.362680401907042, -7.783664723998634 ], [ 110.362682642407549, -7.783650751909716 ], [ 110.362689102371959, -7.783638154175475 ], [ 110.362699149453732, -7.783628163949703 ], [ 110.362711800174552, -7.783621759145125 ], [ 110.362725816194001, -7.783619566708458 ], [ 110.36273982552683, -7.78362180125068 ], [ 110.362752456842358, -7.78362824403929 ], [ 110.362762473699618, -7.783638264409479 ], [ 110.362768895578796, -7.783650881497775 ], [ 110.362771093861355, -7.783664860255827 ], [ 110.362768853363633, -7.78367883234543 ], [ 110.362762393400786, -7.783691430081005 ], [ 110.362752346318757, -7.783701420308243 ], [ 110.362739695595963, -7.783707825113868 ], [ 110.362725679573586, -7.783710017550748 ], [ 110.362711670237971, -7.783707783007841 ], [ 110.36269903892088, -7.783701340217891 ], [ 110.362689022063861, -7.783691319846238 ], [ 110.362682600186659, -7.783678702756905 ] ] ], [ [ [ 110.363004815598572, -7.783660364024461 ], [ 110.363002617308183, -7.783646385266989 ], [ 110.363004857798018, -7.783632413175487 ], [ 110.363010919610758, -7.783620591863712 ], [ 110.363008925756631, -7.783616674536971 ], [ 110.363006727466214, -7.7836026957795 ], [ 110.363008967955551, -7.783588723687919 ], [ 110.363015427909517, -7.783576125947807 ], [ 110.363025474982607, -7.783566135713531 ], [ 110.363038125697329, -7.783559730898647 ], [ 110.363052141713865, -7.783557538450887 ], [ 110.363066151047263, -7.783559772982306 ], [ 110.363078782366799, -7.783566215761477 ], [ 110.363088799231079, -7.783576236124491 ], [ 110.363095221119636, -7.783588853208596 ], [ 110.363097419412981, -7.783602831965847 ], [ 110.363095178926415, -7.783616804058116 ], [ 110.36308911711599, -7.783628625371295 ], [ 110.363091110970956, -7.783632542697723 ], [ 110.363093309264272, -7.783646521454974 ], [ 110.363091068777237, -7.783660493547167 ], [ 110.363084608823925, -7.783673091288459 ], [ 110.363074561749372, -7.78368308152399 ], [ 110.363061911031267, -7.783689486339669 ], [ 110.363047895010325, -7.783691678787388 ], [ 110.363033885672721, -7.783689444255034 ], [ 110.363021254350457, -7.783683001474321 ], [ 110.36301123748558, -7.783672981109685 ], [ 110.363004815598572, -7.783660364024461 ] ] ], [ [ [ 110.363261339120712, -7.78340126417302 ], [ 110.363259140822379, -7.783387285416131 ], [ 110.36326138130174, -7.783373313322309 ], [ 110.363267841244678, -7.783360715577346 ], [ 110.363277888306726, -7.783350725336096 ], [ 110.363290539011501, -7.783344320512784 ], [ 110.36330455502015, -7.783342128055979 ], [ 110.363318564348504, -7.783344362578611 ], [ 110.363331195666319, -7.783350805350119 ], [ 110.36334121253239, -7.783360825707345 ], [ 110.363347634426034, -7.783373442788097 ], [ 110.363349832727309, -7.783387421544768 ], [ 110.363347592250733, -7.783401393639284 ], [ 110.363341132309372, -7.783413991385576 ], [ 110.363331085247069, -7.783423981628296 ], [ 110.363318434540318, -7.783430386452646 ], [ 110.363304418528742, -7.783432578909672 ], [ 110.363290409197589, -7.78343034438635 ], [ 110.363277777878224, -7.78342390161351 ], [ 110.363267761012409, -7.783413881254815 ], [ 110.363261339120712, -7.78340126417302 ] ] ], [ [ [ 110.363277812083339, -7.783204994537527 ], [ 110.36327561378495, -7.783191015780633 ], [ 110.363277854262208, -7.783177043686465 ], [ 110.363284314201167, -7.783164445940856 ], [ 110.363294361257829, -7.783154455698714 ], [ 110.363307011956252, -7.783148050874357 ], [ 110.363321027958264, -7.783145858416452 ], [ 110.363335037280322, -7.783148092938044 ], [ 110.363347668592795, -7.783154535708661 ], [ 110.363357685455, -7.783164556065246 ], [ 110.363364107346655, -7.783177173145664 ], [ 110.363366305647986, -7.783191151902336 ], [ 110.363364065173528, -7.783205123997196 ], [ 110.363357605236104, -7.783217721744139 ], [ 110.363347558179214, -7.783227711987749 ], [ 110.363334907478801, -7.783234116813149 ], [ 110.363320891473862, -7.783236309271271 ], [ 110.363306882149018, -7.783234074748995 ], [ 110.363294250834997, -7.783227631977036 ], [ 110.363284233973047, -7.783217611618984 ], [ 110.363277812083339, -7.783204994537527 ] ] ], [ [ [ 110.363292572898899, -7.783051580614923 ], [ 110.363286151011067, -7.783038963533677 ], [ 110.363283952712806, -7.783024984776766 ], [ 110.363286193188472, -7.783011012682352 ], [ 110.363292653124248, -7.782998414936293 ], [ 110.363302700176433, -7.782988424693539 ], [ 110.363315350869584, -7.782982019868472 ], [ 110.363329366865997, -7.782979827409821 ], [ 110.363343376182684, -7.782982061930713 ], [ 110.363356007490523, -7.782988504700742 ], [ 110.363366024349332, -7.782998525056906 ], [ 110.363372446239111, -7.783011142137112 ], [ 110.363374644540315, -7.783025120893803 ], [ 110.363372404067448, -7.783039092988905 ], [ 110.363365944133207, -7.783051690736301 ], [ 110.363355897080766, -7.78306168098052 ], [ 110.363343246385654, -7.783068085806629 ], [ 110.363329230386313, -7.783070278265495 ], [ 110.363315221066856, -7.783068043743919 ], [ 110.363302589757438, -7.783061600972552 ], [ 110.363292572898899, -7.783051580614923 ] ] ], [ [ [ 110.362182097460249, -7.783031927009426 ], [ 110.362179899199049, -7.783017948249753 ], [ 110.362182139710725, -7.78300397616412 ], [ 110.362188599677992, -7.782991378437529 ], [ 110.36219864675401, -7.782981388223029 ], [ 110.362211297461016, -7.782974983432226 ], [ 110.362225313459945, -7.782972791010506 ], [ 110.362239322767593, -7.782975025567367 ], [ 110.362251954055708, -7.782981468368897 ], [ 110.36226197088601, -7.782991488748999 ], [ 110.362268392741342, -7.783004105843244 ], [ 110.362270591005469, -7.783018084602698 ], [ 110.362268350496564, -7.783032056689017 ], [ 110.36226189053086, -7.783044654416945 ], [ 110.362251843454587, -7.783054644632916 ], [ 110.362239192745619, -7.783061049424759 ], [ 110.362225176743735, -7.783063241846699 ], [ 110.36221116743333, -7.783061007289145 ], [ 110.362198536143651, -7.783054564486283 ], [ 110.362188519313591, -7.783044544104713 ], [ 110.362182097460249, -7.783031927009426 ] ] ], [ [ [ 110.362447681636368, -7.783021570399442 ], [ 110.362445483366287, -7.78300759164043 ], [ 110.362447723869209, -7.782993619552672 ], [ 110.362454183828689, -7.782981021821374 ], [ 110.362464230898667, -7.782971031600046 ], [ 110.362476881601964, -7.78296462680097 ], [ 110.362490897599884, -7.782962434370329 ], [ 110.362504906909308, -7.78296466891851 ], [ 110.362517538201814, -7.782971111712436 ], [ 110.362527555038724, -7.782981132086762 ], [ 110.362533976902185, -7.782993749177623 ], [ 110.362536175175208, -7.783007727936417 ], [ 110.362533934675056, -7.783021700024864 ], [ 110.36252747471714, -7.783034297757495 ], [ 110.362517427646921, -7.783044287980288 ], [ 110.362504776941648, -7.783050692780409 ], [ 110.362490760940787, -7.783052885211263 ], [ 110.362476751628591, -7.783050650662397 ], [ 110.362464120334522, -7.783044207867136 ], [ 110.362454103497868, -7.783034187491342 ], [ 110.362447681636368, -7.783021570399442 ] ] ] ] } }
]
}
